-- phpMyAdmin SQL Dump
-- version 4.0.9
-- http://www.phpmyadmin.net
--
-- Host: 127.0.0.1:3306
-- Generation Time: Jun 22, 2014 at 11:08 AM
-- Server version: 5.6.12-log
-- PHP Version: 5.4.23

SET SQL_MODE = "NO_AUTO_VALUE_ON_ZERO";
SET time_zone = "+00:00";


/*!40101 SET @OLD_CHARACTER_SET_CLIENT=@@CHARACTER_SET_CLIENT */;
/*!40101 SET @OLD_CHARACTER_SET_RESULTS=@@CHARACTER_SET_RESULTS */;
/*!40101 SET @OLD_COLLATION_CONNECTION=@@COLLATION_CONNECTION */;
/*!40101 SET NAMES utf8 */;

--
-- Database: `kientrucvang`
--

-- --------------------------------------------------------

--
-- Table structure for table `ktv_blogs`
--

CREATE TABLE IF NOT EXISTS `ktv_blogs` (
  `id` int(11) NOT NULL AUTO_INCREMENT,
  `description` varchar(255) NOT NULL,
  `link` varchar(255) NOT NULL,
  `visible` tinyint(1) NOT NULL,
  `status` int(1) NOT NULL DEFAULT '1' COMMENT '0:deleted',
  PRIMARY KEY (`id`)
) ENGINE=InnoDB  DEFAULT CHARSET=utf8 AUTO_INCREMENT=4 ;

--
-- Dumping data for table `ktv_blogs`
--

INSERT INTO `ktv_blogs` (`id`, `description`, `link`, `visible`, `status`) VALUES
(1, 'Google+', 'http://googleplus', 1, 1),
(2, 'Facebook', 'http://facebook.com', 1, 1),
(3, 'http://haha.vn', 'http://haha.vn', 0, 1);

-- --------------------------------------------------------

--
-- Table structure for table `ktv_category`
--

CREATE TABLE IF NOT EXISTS `ktv_category` (
  `id` int(11) NOT NULL AUTO_INCREMENT,
  `category_name` varchar(50) DEFAULT NULL,
  `type` int(1) DEFAULT NULL COMMENT '0: cong trinh, 1: shop noi that',
  `date_create` datetime DEFAULT NULL,
  `status` int(1) DEFAULT '1' COMMENT '0: delete',
  `sort` int(11) DEFAULT NULL,
  PRIMARY KEY (`id`)
) ENGINE=InnoDB  DEFAULT CHARSET=utf8 AUTO_INCREMENT=22 ;

--
-- Dumping data for table `ktv_category`
--

INSERT INTO `ktv_category` (`id`, `category_name`, `type`, `date_create`, `status`, `sort`) VALUES
(3, 'Biệt Thự', 0, '2014-06-10 05:51:27', 1, 3),
(4, 'Nhà Hàng, Khách Sạn, Spa', 0, '2013-08-27 15:09:49', 1, 4),
(5, 'Văn Phòng', 0, '2013-08-27 15:10:03', 1, 5),
(14, 'Nhà Phố', 0, '2013-09-10 22:00:34', 1, 7),
(17, 'Chung cư', 0, '2014-06-10 05:44:28', 1, 1),
(18, 'MDF', 1, '2014-06-10 06:06:59', 1, 1),
(19, 'MFC', 1, '2014-06-10 06:08:07', 1, 2),
(20, 'Polly Wood', 1, '2014-06-10 06:08:41', 1, 3),
(21, 'Vật Liệu Phủ Bề Mặt', 1, '2014-06-10 06:09:23', 1, 4);

-- --------------------------------------------------------

--
-- Table structure for table `ktv_clips`
--

CREATE TABLE IF NOT EXISTS `ktv_clips` (
  `id` int(11) NOT NULL AUTO_INCREMENT,
  `description` varchar(255) NOT NULL,
  `embed` varchar(255) NOT NULL,
  `visible` tinyint(1) NOT NULL,
  `status` int(1) NOT NULL DEFAULT '1' COMMENT '0:deleted',
  PRIMARY KEY (`id`)
) ENGINE=InnoDB  DEFAULT CHARSET=utf8 AUTO_INCREMENT=3 ;

--
-- Dumping data for table `ktv_clips`
--

INSERT INTO `ktv_clips` (`id`, `description`, `embed`, `visible`, `status`) VALUES
(1, 'BÍCH PHƯƠNG - Mình Yêu Nhau Đi [OFFICIAL MV] ', '<iframe width="560" height="315" src="//www.youtube.com/embed/X8mhF6HgzVA" frameborder="0" allowfullscreen></iframe>', 1, 1),
(2, 'Bai noi chuyen cua Thieu tuong Nguyen Thanh Tuan ve bien Dong ', '<iframe width="560" height="315" src="//www.youtube.com/embed/N59a8SivrUE" frameborder="0" allowfullscreen></iframe>\r\n        \r\n        ', 1, 1);

-- --------------------------------------------------------

--
-- Table structure for table `ktv_config`
--

CREATE TABLE IF NOT EXISTS `ktv_config` (
  `id` int(11) NOT NULL AUTO_INCREMENT,
  `key_config` varchar(255) DEFAULT NULL,
  `key_value` longtext,
  PRIMARY KEY (`id`)
) ENGINE=InnoDB  DEFAULT CHARSET=utf8 AUTO_INCREMENT=17 ;

--
-- Dumping data for table `ktv_config`
--

INSERT INTO `ktv_config` (`id`, `key_config`, `key_value`) VALUES
(1, 'ABOUT', '<p>GRANDDESIGN l&agrave; c&ocirc;ng ty tư vấn thiết kế được th&agrave;nh lập theo h&igrave;nh thức cổ phần. Hoạt động dưới sự điều h&agrave;nh của ban gi&aacute;m đốc v&agrave; hội đồng quản trị, c&ugrave;ng với đội ngũ c&aacute;c kiến tr&uacute;c sư c&oacute; năng lực chuy&ecirc;n m&ocirc;n cao v&agrave; phong c&aacute;ch l&agrave;m việc chuy&ecirc;n nghiệp. Quan điểm thiết kế: Ph&acirc;n t&iacute;ch kh&ocirc;ng gian sống từ mọi g&oacute;c độ, nghi&ecirc;n cứu những ưu ti&ecirc;n của cuộc sống. GRANDDESIGN đề xuất c&aacute;c giải ph&aacute;p thiết kế ph&ugrave; hợp nhất cho từng kh&ocirc;ng gian trong ng&ocirc;i nh&agrave; bạn</p>\r\n'),
(2, 'FACTORY', '<p>Đang cập nhật ..</p>\r\n\r\n<p>&nbsp;</p>\r\n\r\n<p>&nbsp;</p>\r\n\r\n<p><img alt="" src="http://m.f29.img.vnecdn.net/2014/04/08/KOR-5086-4204-1393304484-7081-1396942691.jpg" style="height:374px; width:500px" /></p>\r\n\r\n<p><object classid="clsid:d27cdb6e-ae6d-11cf-96b8-444553540000" codebase="http://download.macromedia.com/pub/shockwave/cabs/flash/swflash.cab#version=6,0,40,0"><param name="quality" value="high" /><param name="movie" value="http://www.youtube.com/watch?v=v7y-ue9z5w0" /><embed pluginspage="http://www.macromedia.com/go/getflashplayer" quality="high" src="http://www.youtube.com/watch?v=v7y-ue9z5w0" type="application/x-shockwave-flash"></embed></object></p>\r\n'),
(3, 'FOOTERHCM', '<p>\r\n	&nbsp;216 Nguyễn Thị Minh Khai, Quận 3, Tp.HCM</p>\r\n<p>\r\n	<span>&nbsp; &nbsp; &nbsp; &nbsp; &nbsp; &nbsp; &nbsp; &nbsp; &nbsp; &nbsp;</span><span style="color:#ff0000;"><span> </span><span>Hotline</span></span><span>:</span> 0916.979.777 ( Mr Minh )</p>\r\n<p>\r\n	&nbsp; &nbsp; &nbsp; &nbsp; &nbsp; &nbsp; &nbsp; &nbsp; &nbsp; &nbsp; &nbsp; &nbsp; &nbsp; &nbsp; &nbsp; &nbsp; &nbsp; &nbsp;0902.797.548 ( Mr Sơn )</p>\r\n'),
(4, 'FOOTERHANOI', '<p>\n	&nbsp; &nbsp; &nbsp; &nbsp; &nbsp; &nbsp; &nbsp; &nbsp; &nbsp; &nbsp;15/36 Nguyễn Viết Xu&acirc;n - H&agrave; Nội</p>\n<p>\n	<span style="color:#ff0000;"><span>&nbsp;&nbsp;&nbsp;&nbsp;&nbsp;&nbsp;&nbsp;&nbsp;&nbsp;&nbsp;&nbsp;&nbsp;&nbsp;&nbsp;&nbsp;&nbsp;&nbsp; &nbsp; Hotline</span></span>: &nbsp;0985.37.3333 (Mr Hảii )</p>\n<p>\n	&nbsp;</p>\n'),
(5, 'CONTACTHCM', '<p>216 Nguyễn Thị Minh Khai, Q.3, Tp.HCM - 0916.979.777(Mr.Minh)</p>\r\n'),
(6, 'CONTACTHANOI', '<p>15/36 Nguyễn Viết Xu&acirc;n - H&agrave; Nội - 0985.37.3333 (Mr Hải)</p>\r\n'),
(7, 'CONTACTHCMLINK', '<iframe width="525" height="350" frameborder="0" scrolling="no" marginheight="0" marginwidth="0" src="https://maps.google.com/maps?f=q&source=s_q&hl=vi&geocode=&q=216+Nguy%E1%BB%85n+Th%E1%BB%8B+Minh+Khai,+Th%C3%A0nh+ph%E1%BB%91+H%E1%BB%93+Ch%C3%AD+Minh,+H%E1%BB%93+Ch%C3%AD+Minh,+Vi%E1%BB%87t+Nam&aq=0&oq=216+nguy%E1%BB%85n+th%E1%BB%8B+minh&sll=37.0625,-95.677068&sspn=37.188995,86.572266&ie=UTF8&hq=&hnear=216+Nguy%E1%BB%85n+Th%E1%BB%8B+Minh+Khai,+6,+H%E1%BB%93+Ch%C3%AD+Minh,+Vi%E1%BB%87t+Nam&t=m&z=14&iwloc=A&output=embed"></iframe><br /><small><a href="https://maps.google.com/maps?f=q&source=embed&hl=vi&geocode=&q=216+Nguy%E1%BB%85n+Th%E1%BB%8B+Minh+Khai,+Th%C3%A0nh+ph%E1%BB%91+H%E1%BB%93+Ch%C3%AD+Minh,+H%E1%BB%93+Ch%C3%AD+Minh,+Vi%E1%BB%87t+Nam&aq=0&oq=216+nguy%E1%BB%85n+th%E1%BB%8B+minh&sll=37.0625,-95.677068&sspn=37.188995,86.572266&ie=UTF8&hq=&hnear=216+Nguy%E1%BB%85n+Th%E1%BB%8B+Minh+Khai,+6,+H%E1%BB%93+Ch%C3%AD+Minh,+Vi%E1%BB%87t+Nam&t=m&z=14&iwloc=A" style="color:#0000FF;text-align:left">Xem Bản đồ cỡ lớn hơn</a></small>'),
(8, 'CONTACTHANOILINK', '<iframe width="525" height="350" frameborder="0" scrolling="no" marginheight="0" marginwidth="0" src="https://maps.google.com.au/maps?f=q&source=s_q&hl=en&geocode=&q=15%2F36+Nguy%E1%BB%85n+Vi%E1%BA%BFt+Xu%C3%A2n+-+H%C3%A0+N%E1%BB%99i&aq=&sll=-25.335448,135.745076&sspn=43.719032,86.572266&ie=UTF8&hq=15%2F36+Nguy%E1%BB%85n+Vi%E1%BA%BFt+Xu%C3%A2n+-&hnear=Hanoi,+Hoan+Kiem+District,+Hanoi,+Vietnam&t=m&cid=3316819898581495654&ll=21.021701,105.829239&spn=0.056083,0.072956&z=13&iwloc=A&output=embed"></iframe><br /><small><a href="https://maps.google.com.au/maps?f=q&source=embed&hl=en&geocode=&q=15%2F36+Nguy%E1%BB%85n+Vi%E1%BA%BFt+Xu%C3%A2n+-+H%C3%A0+N%E1%BB%99i&aq=&sll=-25.335448,135.745076&sspn=43.719032,86.572266&ie=UTF8&hq=15%2F36+Nguy%E1%BB%85n+Vi%E1%BA%BFt+Xu%C3%A2n+-&hnear=Hanoi,+Hoan+Kiem+District,+Hanoi,+Vietnam&t=m&cid=3316819898581495654&ll=21.021701,105.829239&spn=0.056083,0.072956&z=13&iwloc=A" style="color:#0000FF;text-align:left">Xem Bản đồ cỡ lớn hơn</a></small>'),
(9, 'TITLE', 'GRANDDESIGN Saigon - Kiến trúc - Nội thất'),
(10, 'KEYWORDS', 'thiết kế nội thất, thiet ke noi that, nhà đẹp, thiet ke nha dep, xay nha dep, kiến trúc, nội thất, xây dựng'),
(11, 'DESCRIPTION', 'Nhà đẹp với phong cách thiết kế đơn giản và bố trí nội thất thông minh. Ánh sáng tràn ngập với các khung cửa kính lớn, thiên về cảnh quan xanh màu lá | granddesign.com.vn'),
(12, 'PRICETABLE', '<table border="1" cellpadding="1" cellspacing="1" style="width:500px">\r\n	<tbody>\r\n		<tr>\r\n			<td>T&ecirc;n</td>\r\n			<td>Gi&aacute; (USD)</td>\r\n		</tr>\r\n		<tr>\r\n			<td>H&agrave; Trọng Đại</td>\r\n			<td>100.000k</td>\r\n		</tr>\r\n		<tr>\r\n			<td>Nguyễn Văn Dương</td>\r\n			<td>1.000k</td>\r\n		</tr>\r\n	</tbody>\r\n</table>\r\n\r\n<p>&nbsp;</p>\r\n'),
(13, 'SLOGAN', 'SLOGAN'),
(14, 'MISSIONANDVISION', '<p>MISSIONANDVISION</p>\r\n'),
(15, 'REGULATION', '<p>REGULATION UPDATED</p>\r\n'),
(16, 'PROCESSFLOW', '<p>PROCESSFLOW</p>\r\n');

-- --------------------------------------------------------

--
-- Table structure for table `ktv_img_header`
--

CREATE TABLE IF NOT EXISTS `ktv_img_header` (
  `id` int(11) NOT NULL AUTO_INCREMENT,
  `imgname` varchar(50) DEFAULT NULL,
  `link` text NOT NULL,
  `description` varchar(255) NOT NULL,
  `date_create` datetime DEFAULT NULL,
  `visible` tinyint(1) NOT NULL,
  `type` tinyint(1) NOT NULL,
  PRIMARY KEY (`id`)
) ENGINE=InnoDB  DEFAULT CHARSET=utf8 AUTO_INCREMENT=8 ;

--
-- Dumping data for table `ktv_img_header`
--

INSERT INTO `ktv_img_header` (`id`, `imgname`, `link`, `description`, `date_create`, `visible`, `type`) VALUES
(3, 'index/4221401586297.png', 'www.google.com.vn', 'slider2', '2014-06-01 08:31:37', 1, 2),
(4, 'index/5291401586309.png', 'www.google.com.vn', 'test banner', '2014-06-01 08:31:49', 1, 2),
(6, 'index/7851401670678.png', 'www.google.com.vn', 'slider1', '2014-06-02 07:57:58', 1, 2),
(7, 'index/7491401670702.png', 'www.google.com.vn', 'test banner', '2014-06-02 07:58:22', 1, 1);

-- --------------------------------------------------------

--
-- Table structure for table `ktv_info`
--

CREATE TABLE IF NOT EXISTS `ktv_info` (
  `id` int(11) NOT NULL AUTO_INCREMENT,
  `name` varchar(50) DEFAULT NULL,
  `postion` varchar(50) DEFAULT NULL,
  `image` varchar(100) DEFAULT NULL,
  `sort` int(11) DEFAULT NULL,
  `type` int(1) DEFAULT '0',
  PRIMARY KEY (`id`)
) ENGINE=InnoDB  DEFAULT CHARSET=utf8 AUTO_INCREMENT=28 ;

--
-- Dumping data for table `ktv_info`
--

INSERT INTO `ktv_info` (`id`, `name`, `postion`, `image`, `sort`, `type`) VALUES
(13, 'Hoàng Minh', 'Giám Đốc', '1378920299.6177.jpg', 9, 0),
(14, 'Trần Ngọc Sơn', 'Phó Giám Đốc', '1378920314.6834.jpg', 8, 0),
(17, 'Nguyễn Mạnh Linh', 'Quản Lý Kỹ Thuật', '1384423568.203.jpg', 7, 0),
(18, 'Lê Trung Hiếu', 'Trưởng Phòng Thiết Kế', '1384423766.1958.jpg', 8, 0),
(19, 'Đỗ Việt Hải', 'Giám Đốc', '1384477986.8945.jpg', 10, 1),
(20, 'Lê Mạnh Hà', 'Phó Giám Đốc', '1384478110.3446.JPG', 8, 1),
(22, 'Lê Hữu Chiến', 'Phó Giám Đốc', '1384478228.2716.JPG', 7, 1),
(23, 'Đỗ Việt Hà', 'Trưởng Phòng Thiết Kế', '1384478266.1537.jpg', 6, 1),
(25, 'Trần Qúy Thắng', 'Chuyên viên kinh doanh', '1384478355.9701.jpg', 5, 1),
(26, 'Trần Nguyễn Giáng Tiên', 'Chuyên viên kinh doanh', '1384478431.0967.jpg', 6, 0),
(27, 'Thái Trần Phương Mai', 'Chuyên viên kinh doanh', '1384478604.0392.jpg', 5, 0);

-- --------------------------------------------------------

--
-- Table structure for table `ktv_news`
--

CREATE TABLE IF NOT EXISTS `ktv_news` (
  `id` int(11) NOT NULL AUTO_INCREMENT,
  `newstype` smallint(6) NOT NULL DEFAULT '1' COMMENT '1: new; 2: fengshui',
  `title` varchar(255) NOT NULL,
  `image` varchar(255) NOT NULL,
  `summary` text NOT NULL,
  `content` longtext NOT NULL,
  `visible` tinyint(1) NOT NULL,
  `creationDate` datetime NOT NULL,
  `view_count` int(8) NOT NULL DEFAULT '0',
  `status` int(1) NOT NULL DEFAULT '1' COMMENT '0: deleted',
  PRIMARY KEY (`id`)
) ENGINE=InnoDB  DEFAULT CHARSET=utf8 AUTO_INCREMENT=19 ;

--
-- Dumping data for table `ktv_news`
--

INSERT INTO `ktv_news` (`id`, `newstype`, `title`, `image`, `summary`, `content`, `visible`, `creationDate`, `view_count`, `status`) VALUES
(9, 2, ' Lựa chọn màu sắc theo phong thủy trong thiết kế phòng bếp', 'http://img-eva.24hstatic.com/upload/2-2014/images/2014-05-18/1400416623-1.jpg', 'Phòng bếp là nơi gắn kết, gặp gỡ hầu như thường xuyên và gần như là đầy đủ của các thành viên trong gia đình. Tuy nhiên ngoài việc thiết kế nội thất, bài trí, bạn cần lựa chọn màu sắc theo phong thủy trong thiết kế phòng bếp để đem lại những vượng khí', '<p style="text-align:justify"><strong>Ph&ograve;ng bếp l&agrave; nơi gắn kết, gặp gỡ hầu như thường xuy&ecirc;n v&agrave; gần như l&agrave; đầy đủ của c&aacute;c th&agrave;nh vi&ecirc;n trong gia đ&igrave;nh. Tuy nhi&ecirc;n ngo&agrave;i việc thiết kế nội thất, b&agrave;i tr&iacute;, bạn cần <a href="http://adong.com.vn/lua-chon-mau-sac-theo-phong-thuy-trong-thiet-ke-phong-bep/">lựa chọn m&agrave;u sắc theo phong thủy trong thiết kế ph&ograve;ng bếp</a> để đem lại những vượng kh&iacute; cho căn ph&ograve;ng.</strong></p>\r\n\r\n<p style="text-align:justify">Thiết kế ph&ograve;ng bếp mới hoặc cải tạo căn ph&ograve;ng hiện tại, phong thủy c&oacute; thể gi&uacute;p bạn tạo ra một kh&ocirc;ng gian h&agrave;i h&ograve;a, hỗ trợ sức khỏe v&agrave; hạnh ph&uacute;c. M&agrave;u sơn hợp phong thủy l&agrave; một phần quan trọng trong việc tạo ra căn bếp tiện dụng, nơi &ldquo;c&aacute;c đầu bếp&rdquo; trong gia đ&igrave;nh c&oacute; thể ph&aacute;t triển mạnh mẽ.</p>\r\n\r\n<p><img alt="Chọn màu sắc phòng bếp hợp phong thủy - 1" class="data-lazy-ready lazy news-image" src="http://img-eva.24hstatic.com/upload/2-2014/images/2014-05-18/1400416623-1.jpg" style="display:inline" /></p>\r\n\r\n<p style="text-align:justify">M&agrave;u trắng, v&agrave;ng, xanh da trời, xanh l&aacute; c&acirc;y, n&acirc;u, be, đỏ v&agrave; cam đều l&agrave; những m&agrave;u sắc ph&ugrave; hợp với bếp theo phong thủy. Tuy nhi&ecirc;n, bạn cần hiểu r&otilde; l&agrave;m thế n&agrave;o để sử dụng ch&uacute;ng một c&aacute;ch hiệu quả nhất. Cụ thể:</p>\r\n\r\n<p style="text-align:justify">Trắng l&agrave; m&agrave;u sắc được sử dụng phổ biến nhất cho hầu hết c&aacute;c ph&ograve;ng bếp, v&agrave; l&agrave; gam m&agrave;u tuyệt vời để bắt đầu khi &aacute;p dụng phong thủy trong ng&ocirc;i nh&agrave; của bạn.</p>\r\n\r\n<p style="text-align:justify">Tượng trưng cho sự sạch sẽ v&agrave; tinh khiết, m&agrave;u trắng đ&aacute;nh thức mọi gi&aacute;c quan trong kh&ocirc;ng gian bạn chuẩn bị thức ăn. Nhờ ưu điểm kết hợp rất tốt với tất cả c&aacute;c m&agrave;u sắc kh&aacute;c, n&oacute; c&oacute; thể trở th&agrave;nh lớp ph&ocirc;ng nền ho&agrave;n hảo cho c&aacute;c sắc th&aacute;i m&agrave;u ấm hơn, giữ cho căn ph&ograve;ng kh&ocirc;ng qu&aacute; lạnh lẽo, mờ nhạt.</p>\r\n\r\n<p style="text-align:justify">Bạn n&ecirc;n sơn m&agrave;u trắng tr&ecirc;n tường, tủ bếp v&agrave; th&ecirc;m điểm nhấn th&ocirc;ng qua quầy bếp, phụ kiện cửa sổ&hellip;</p>\r\n\r\n<p><img alt="Chọn màu sắc phòng bếp hợp phong thủy - 2" class="data-lazy-ready lazy news-image" src="http://img-eva.24hstatic.com/upload/2-2014/images/2014-05-18/1400416623-6.jpg" style="display:inline" /></p>\r\n\r\n<p style="text-align:justify">C&aacute;c gam m&agrave;u trung t&iacute;nh như m&agrave;u be, kaki v&agrave; nh&oacute;m m&agrave;u đất cũng th&iacute;ch hợp trong phong bếp. Dựa v&agrave;o nguy&ecirc;n tắc phong thủy, ch&uacute;ng c&oacute; thể mang đến sự ổn định cho gia đ&igrave;nh bạn v&agrave; sự h&agrave;i h&ograve;a cho khu vực nấu ăn. Ấm &aacute;p v&agrave; sung t&uacute;c, ch&uacute;ng ăn nhập với rất nhiều m&agrave;u sắc kh&aacute;c nhau v&agrave; sẽ l&agrave;m cho gian bếp của bạn cảm thấy ấm c&uacute;ng hơn.</p>\r\n\r\n<p style="text-align:justify">M&agrave;u v&agrave;ng l&agrave; lựa chọn l&yacute; tưởng kh&aacute;c d&agrave;nh cho ph&ograve;ng bếp. Được đ&aacute;nh gi&aacute; l&agrave; c&oacute; khả năng th&uacute;c đẩy sự x&atilde; hội h&oacute;a, m&agrave;u v&agrave;ng tạo ra kh&ocirc;ng gian n&acirc;ng cao tinh thần v&agrave; sự vui vẻ cho bạn cũng cả gia đ&igrave;nh khi thưởng thức bữa ăn c&ugrave;ng nhau. Bạn n&ecirc;n chọn m&agrave;u v&agrave;ng nhạt hoặc m&agrave;u v&agrave;ng trang sức nhẹ nh&agrave;ng, tr&aacute;nh xa những m&agrave;u qu&aacute; rực rỡ, khiến bầu kh&ocirc;ng kh&iacute; căng thẳng, dễ n&oacute;ng giận.</p>\r\n\r\n<p><img alt="Chọn màu sắc phòng bếp hợp phong thủy - 3" class="data-lazy-ready lazy news-image" src="http://img-eva.24hstatic.com/upload/2-2014/images/2014-05-18/1400416623-2.jpg" style="display:inline" /></p>\r\n\r\n<p style="text-align:justify">Nhiều người tin tưởng rằng m&agrave;u xanh da trời gi&uacute;p kiềm chế cơn đ&oacute;i n&ecirc;n n&oacute; lu&ocirc;n l&agrave; lựa chọn th&ocirc;ng minh cho c&aacute;c gia đ&igrave;nh gặp vấn đề về c&acirc;n nặng. Ở cấp độ nhạt, m&agrave;u xanh da trời kiềm chế bớt sự nhộn nhịp, bận rộn trong bếp, định h&igrave;nh cảm gi&aacute;c thư th&aacute;i. Nhưng bạn chỉ n&ecirc;n sử dụng m&agrave;u n&agrave;y với liều lượng nhỏ. C&aacute;c chuy&ecirc;n gia phong thủy cho rằng, qu&aacute; nhiều m&agrave;u xanh da trời sẽ lấn &aacute;t vẻ đẹp, sức hấp dẫn của đồ ăn.</p>\r\n\r\n<p><img alt="Chọn màu sắc phòng bếp hợp phong thủy - 4" class="data-lazy-ready lazy news-image" src="http://img-eva.24hstatic.com/upload/2-2014/images/2014-05-18/1400416623-7.jpg" style="display:inline" /></p>\r\n\r\n<p style="text-align:justify">M&agrave;u xanh l&aacute; c&acirc;y cũng c&oacute; mặt trong danh s&aacute;ch những m&agrave;u sắc hợp ph&ograve;ng thủy n&ecirc;n d&ugrave;ng cho ph&ograve;ng bếp v&igrave; t&aacute;c dụng th&uacute;c đẩy ti&ecirc;u h&oacute;a rất tốt. Chọn m&agrave;u xanh l&aacute; c&acirc;y mềm mại, gần với sắc th&aacute;i đất để gi&uacute;p h&igrave;nh th&agrave;nh kh&ocirc;ng gian thư gi&atilde;n. Nếu muốn tăng cường những t&ocirc;ng m&agrave;u đất, cố gắng trang tr&iacute; tối thiểu 1 &ndash; 2 chậu c&acirc;y cảnh tươi tốt trong ph&ograve;ng bếp.</p>\r\n\r\n<p><img alt="Chọn màu sắc phòng bếp hợp phong thủy - 5" class="data-lazy-ready lazy news-image" src="http://img-eva.24hstatic.com/upload/2-2014/images/2014-05-18/1400416623-5.jpg" style="display:inline" /></p>\r\n\r\n<p style="text-align:justify">Mặc d&ugrave; xuất hiện kh&aacute; nhiều trong ph&ograve;ng bếp, nhưng một số chuy&ecirc;n gia phong thủy đ&aacute;nh gi&aacute; m&agrave;u đỏ c&oacute; thể g&acirc;y mất c&acirc;n bằng nếu được sử dụng qu&aacute; nhiều. Bạn n&ecirc;n chọn lấy một m&agrave;u sắc trung t&iacute;nh hơn l&agrave;m chủ đạo v&agrave; điểm xuyết m&agrave;u đỏ nhằm tạo ấn tượng, thu h&uacute;t sự ch&uacute; &yacute; của mọi người.</p>\r\n\r\n<p><img alt="Chọn màu sắc phòng bếp hợp phong thủy - 6" class="data-lazy-ready lazy news-image" src="http://img-eva.24hstatic.com/upload/2-2014/images/2014-05-18/1400416723-3.jpg" style="display:inline" /></p>\r\n', 1, '2014-06-22 10:21:42', 8, 1),
(12, 2, ' Thiết kế ban công nhà đẹp theo phong thủy', 'http://adong.com.vn/wp-content/uploads/2014/05/bancong02.jpg', 'Ban công là một phần không thể thiếu trong mỗi thiết kế nhà, là nơi làm đẹp và tạo khoảng thư giãn cho bạn, đặc biệt là những biệt thự lớn. Tùy theo từng thiết kế và sở thích, bạn có thể trang trí ban công của mình sao cho phù hợp và bắt mắt', '<p style="text-align:justify"><strong>Ban c&ocirc;ng l&agrave; một phần kh&ocirc;ng thể thiếu trong mỗi thiết kế nh&agrave;, l&agrave; nơi l&agrave;m đẹp v&agrave; tạo khoảng thư gi&atilde;n cho bạn, đặc biệt l&agrave; những biệt thự lớn. T&ugrave;y theo từng thiết kế v&agrave; sở th&iacute;ch, bạn c&oacute; thể trang tr&iacute; ban c&ocirc;ng của m&igrave;nh sao cho ph&ugrave; hợp v&agrave; bắt mắt nhất. Một vấn đề bạn cần n&ecirc;n biết đ&oacute; l&agrave; <a href="http://adong.com.vn/thiet-ke-ban-cong-nha-dep-theo-phong-thuy/">thiết kế ban c&ocirc;ng nh&agrave; đẹp theo phong thủy</a> để c&oacute; một cuộc sống thịnh vượng.</strong></p>\r\n\r\n<p style="text-align:justify">Những ng&ocirc;i nh&agrave; được thiết kế theo phong c&aacute;ch Ch&acirc;u &Acirc;u cổ th&igrave; ban c&ocirc;ng thường được điểm th&ecirc;m những họa tiết trang tr&iacute; với những gờ, ph&agrave;o, chỉ cầu kỳ. Lan can c&oacute; thể bằng th&eacute;p uốn tạo độ cong v&agrave; sử dụng hoa sắt với nhiều chi tiết tỉ mỉ l&agrave;m họa tiết trang tr&iacute;.</p>\r\n\r\n<p style="text-align:justify">Việc bố tr&iacute; ban c&ocirc;ng ở vị tr&iacute; th&iacute;ch hợp sẽ mang lại những sự thay đổi nhất định cho m&ocirc;i trường sống trong nh&agrave;. Bạn&nbsp;n&ecirc;n mở ở những g&oacute;c c&oacute; tầm nh&igrave;n tốt, kh&ocirc;ng bị che chắn, b&ecirc;n cạnh đ&oacute; cần phải x&aacute;c định hướng của mặt trời, những điều kiện b&ecirc;n ngo&agrave;i nh&agrave;&hellip;</p>\r\n\r\n<p style="text-align:center"><img alt="Ban công nhà đẹp" class="alignnone data-lazy-ready lazy size-full wp-image-2370" src="http://adong.com.vn/wp-content/uploads/2014/05/bancong02.jpg" style="display:inline; height:328px; width:600px" title="Ban công nhà đẹp" /></p>\r\n\r\n<p style="text-align:center"><em>Thiết kế nh&agrave; theo phong c&aacute;ch hiện đại với ban c&ocirc;ng được x&acirc;y bằng gạch đặc.</em></p>\r\n\r\n<p style="text-align:justify">Theo quan niệm Phong Thủy, ban c&ocirc;ng kh&ocirc;ng n&ecirc;n đối diện với những g&oacute;c nhọn chĩa thẳng v&agrave;o nh&agrave;. G&oacute;c nhọn đ&acirc;m thẳng v&agrave;o ban c&ocirc;ng nh&agrave; với khoảng c&aacute;ch c&agrave;ng gần hoặc c&agrave;ng nhọn th&igrave; c&agrave;ng bất lợi cho vận kh&iacute; của ng&ocirc;i nh&agrave;. Kh&ocirc;ng n&ecirc;n thiết kế đối diện thẳng với cửa ch&iacute;nh, nh&agrave; bếp v&agrave; cửa ph&ograve;ng ăn. Nếu ban c&ocirc;ng nh&agrave; bạn phạm phải một số điều ki&ecirc;ng kỵ trong phong thủy như tr&ecirc;n m&agrave; kh&ocirc;ng c&oacute; c&aacute;ch cải sửa, bạn c&oacute; thể dung r&egrave;m cửa, đặt bể c&aacute; cảnh hoặc trồng gi&agrave;n hoa leo&hellip; như một chiếc b&igrave;nh phong để che chắn, h&oacute;a giải.</p>\r\n\r\n<p style="text-align:center"><img alt="Thiết kế ban công nhà đẹp theo phong thủy" class="alignnone data-lazy-ready lazy size-full wp-image-2367" src="http://adong.com.vn/wp-content/uploads/2014/05/bancong.jpg" style="display:inline; height:450px; width:600px" title="Thiết kế ban công nhà đẹp theo phong thủy" /></p>\r\n\r\n<p style="text-align:center"><em>Kh&ocirc;ng gian ban c&ocirc;ng với những sắc hoa rực rỡ đem lại cảm gi&aacute;c đầy hứng khởi.</em></p>\r\n\r\n<p style="text-align:justify">C&oacute; thể dễ d&agrave;ng nhận thấy ở hầu hết c&aacute;i thiết kế nh&agrave; ở đều c&oacute; một khoảng trống cho việc trồng c&acirc;y xanh. Sở dĩ việc trồng c&acirc;y xanh được hầu hết c&aacute;c gia đ&igrave;nh ưa th&iacute;ch v&igrave; n&oacute; vừa đem lại vẻ đẹp cho ban c&ocirc;ng, vừa gi&uacute;p vận kh&iacute; được lưu th&ocirc;ng nhiều hơn, gi&uacute;p con người lấy lại c&acirc;n bằng tuyệt vời nhất trong cuộc sống.&nbsp;C&oacute; rất nhiều c&aacute;ch thiết kế để tạo n&ecirc;n một kh&ocirc;ng gian thi&ecirc;n nhi&ecirc;n cho ban c&ocirc;ng như: d&ugrave;ng c&acirc;y xanh kết hợp với vật liệu ốp, d&ugrave;ng c&aacute;c tiểu cảnh nhỏ theo thể loại vườn kh&ocirc;, hay vườn kh&ocirc; kết hợp c&ugrave;ng tiểu cảnh nước, c&acirc;y xanh nhỏ&hellip; Khi d&ugrave;ng c&acirc;y xanh trang tr&iacute; cho ban c&ocirc;ng, n&ecirc;n lưu &yacute; chọn những loại c&acirc;y rễ n&ocirc;ng c&oacute; thể trồng được trong chậu v&agrave; ch&uacute; &yacute; đến hệ thống tho&aacute;t nước.</p>\r\n\r\n<p style="text-align:center"><a href="http://adong.com.vn/wp-content/uploads/2014/05/bancong01.jpg"><img alt="Thiết kế ban công nhà đẹp theo phong thủy" class="alignnone data-lazy-ready lazy size-full wp-image-2368" src="http://adong.com.vn/wp-content/uploads/2014/05/bancong01.jpg" style="display:inline; height:401px; width:600px" title="Thiết kế ban công nhà đẹp theo phong thủy" /></a></p>\r\n\r\n<p style="text-align:center"><em>Ban c&ocirc;ng với g&oacute;c nh&igrave;n ra biển, đem lại cảm gi&aacute;c m&aacute;t mẻ v&agrave; thanh b&igrave;nh.</em></p>\r\n\r\n<p style="text-align:justify">Nếu nh&agrave; bạn mang phong c&aacute;ch kiến tr&uacute;c hiện đại, th&igrave; ban c&ocirc;ng c&oacute; thể x&acirc;y gạch đặc hoặc l&agrave; những chấn song bằng th&eacute;p hoặc inox. Ngo&agrave;i ra c&oacute; thể sử dụng những vật liệu mới như k&iacute;nh hoặc gỗ cũng l&agrave; một c&aacute;ch trang tr&iacute; tạo n&ecirc;n một phong c&aacute;ch độc đ&aacute;o cho ng&ocirc;i nh&agrave; th&ecirc;m sang trọng. Họa tiết cho ban c&ocirc;ng thường được gia chủ đặt thiết kế đồng bộ với c&aacute;c họa tiết của cửa sổ, cầu thang&hellip; gi&uacute;p ng&ocirc;i nh&agrave; trở n&ecirc;n thanh tho&aacute;t v&agrave; th&ecirc;m phần duy&ecirc;n d&aacute;ng.</p>\r\n\r\n<p style="text-align:justify">C&aacute;c loại c&acirc;y chọn trồng tr&ecirc;n ban c&ocirc;ng n&ecirc;n c&oacute; h&igrave;nh d&aacute;ng to, sức sống khỏe, l&aacute; d&agrave;y v&agrave; đặc biệt phải lu&ocirc;n xanh tốt như c&acirc;y vạn ni&ecirc;n, c&acirc;y kim tiền, c&acirc;y thiết thụ, c&acirc;y cọ tr&uacute;c, c&acirc;y ph&aacute;t t&agrave;i, c&acirc;y di&ecirc;u tiền&hellip; kh&ocirc;ng trồng c&acirc;y c&oacute; l&aacute; lớn, rậm rạp nơi ban c&ocirc;ng, sẽ l&agrave;m che mất tầm nh&igrave;n v&agrave; vẻ đẹp của ng&ocirc;i nh&agrave;. &nbsp;Kh&ocirc;ng n&ecirc;n trồng nhiều loại c&acirc;y cao thấp, dạng l&aacute; kh&aacute;c nhau lố nhố kh&ocirc;ng đẹp. Chỉ n&ecirc;n trồng 1-2 loại, cắt tỉa gọn gang. Một tiểu cảnh hay chiếc đ&egrave;n treo bằng giỏ m&acirc;y hay chai lọ, tận dụng đồ cũ sẽ l&agrave; &yacute; tưởng trang tr&iacute; vừa đẹp mắt lại vừa tiết kiệm. Những m&oacute;n đồ tuy nhỏ nhưng lại c&oacute; t&aacute;c dụng khiến ban c&ocirc;ng nh&agrave; bạn bắt mắt, nhẹ nh&agrave;ng v&agrave; gần gũi với thi&ecirc;n nhi&ecirc;n hơn.</p>\r\n\r\n<p style="text-align:justify">Với những căn hộ ban c&ocirc;ng nhỏ th&igrave; giải ph&aacute;p cho bạn l&agrave; sử dụng c&aacute;c chậu hoa b&eacute; xếp h&agrave;ng ngang.&nbsp;Nếu ban c&ocirc;ng của gia đ&igrave;nh c&oacute; nắng chiếu trực tiếp suốt ng&agrave;y, kh&oacute; giữ ẩm, bạn h&atilde;y chọn những loại c&acirc;y chịu hạn tốt như sương rồng, b&aacute;t ti&ecirc;n, hoa quỳnh, c&acirc;y sống đời, sứ Th&aacute;i, hoa chuối cảnh, hoa giấy&hellip;</p>\r\n\r\n<p style="text-align:justify">Bạn c&oacute; thể lựa chọn cho m&igrave;nh c&aacute;c giỏ hoa treo rực rỡ, hoặc nếu ban c&ocirc;ng nh&agrave; bạn được chắn bằng lưới mắt c&aacute;o th&igrave; c&aacute;c loại c&acirc;y leo m&aacute;t mắt l&agrave; lựa chọn kh&ocirc;ng tồi.</p>\r\n\r\n<p style="text-align:right">Th&ugrave;y Dương / &Aacute; Đ&ocirc;ng</p>\r\n', 1, '2014-06-22 10:24:33', 17, 1),
(13, 2, 'Trang trí thiết kế nhà ở theo phong thủy', 'http://adong.com.vn/wp-content/uploads/2014/05/phongthuy.jpg', 'Phong thủy nhà ở là vấn đề luôn được mọi người quan tâm, và việc lựa chọn vị trí, hướng nhà cũng như việc bài trí sắp xếp nội thất trở nên quan trọng hơn cả. Trang trí thiết kế nhà ở theo phong thủy giúp đem lại vượng khí và những điều tốt lành', '<p style="text-align:justify"><strong>Phong thủy nh&agrave; ở l&agrave; vấn đề lu&ocirc;n được mọi người quan t&acirc;m, v&agrave; việc lựa chọn vị tr&iacute;, hướng nh&agrave; cũng như việc b&agrave;i tr&iacute; sắp xếp nội thất trở n&ecirc;n quan trọng hơn cả. <span style="color:#ff0000"><a href="http://adong.com.vn/trang-tri-thiet-ke-nha-o-theo-phong-thuy/"><span style="color:#ff0000">Trang tr&iacute; thiết kế nh&agrave; ở theo phong thủy</span></a></span> gi&uacute;p đem lại vượng kh&iacute; v&agrave; những điều tốt l&agrave;nh cho bạn.</strong></p>\r\n\r\n<p style="text-align:justify"><strong>Những lời khuy&ecirc;n dưới đ&acirc;y sẽ rất c&oacute; &iacute;ch cho bạn trong việc lựa chọn vị tr&iacute;, trang tr&iacute; thiết kế c&aacute;c ph&ograve;ng ở &nbsp;theo phong thủy:</strong></p>\r\n\r\n<p style="text-align:center"><img alt="Thiết kế nhà ở phù hợp với phong thủy đem lại nhiều may mắn" class="alignnone data-lazy-ready lazy size-full wp-image-2257" src="http://adong.com.vn/wp-content/uploads/2014/05/phongthuy.jpg" style="display:inline; height:337px; width:600px" title="thiết kế nhà ở theo phong thủy" /></p>\r\n\r\n<p style="text-align:center"><em>N&ecirc;n d&ugrave;ng những gam m&agrave;u cơ bản thống nhất v&agrave; nhẹ nh&agrave;ng tạo cảm gi&aacute;c thoải m&aacute;i cho con người.</em></p>\r\n\r\n<p style="text-align:justify"><strong>Hướng nh&agrave;:</strong></p>\r\n\r\n<p style="text-align:justify">Mỗi thiết kế đều c&oacute; hướng v&agrave; tọa nh&agrave;. Phần chủ thể ph&iacute;a sau ng&ocirc;i nh&agrave; được gọi l&agrave; tọa v&agrave; phần ph&iacute;a trước mặt của cửa ch&iacute;nh nh&agrave; hướng tới gọi l&agrave; hướng.</p>\r\n\r\n<p style="text-align:justify">Một ng&ocirc;i nh&agrave; được gọi l&agrave; &ldquo;đạt ti&ecirc;u chuẩn&rdquo; khi khả năng &nbsp;nạp vượng kh&iacute; ở mức tốt nhất. Hướng nh&agrave; cần ở vị tr&iacute; th&ocirc;ng tho&aacute;ng, sạch sẽ, trước cửa kh&ocirc;ng được c&oacute; r&aacute;c hay nước bẩn, v&igrave; nếu hướng của nh&agrave; bạn bị &ocirc; nhiễm sẽ khiến những kh&iacute; xấu bị đưa v&agrave;o nh&agrave;. Một điều tối kỵ &nbsp;kh&ocirc;ng n&ecirc;n nữa đ&oacute; l&agrave; hướng c&aacute;c cửa. Của ch&iacute;nh kh&ocirc;ng n&ecirc;n đối diện với cửa sau hay cửa sổ, cột điện, g&oacute;c tường của c&aacute;c ng&ocirc;i nh&agrave; kh&aacute;c.</p>\r\n\r\n<p style="text-align:justify"><strong>Thiết kế ph&ograve;ng ngủ:</strong></p>\r\n\r\n<p style="text-align:justify">Ph&ograve;ng ngủ l&agrave; nơi thư gi&atilde;n cuối c&ugrave;ng sau những ng&agrave;y l&agrave;m việc vất vả. Tại đ&acirc;y, cửa ph&ograve;ng ngủ &nbsp;kh&ocirc;ng n&ecirc;n thiết kế qu&aacute; rộng, đặc biẹt&nbsp;kh&ocirc;ng được đối diện với nh&agrave; vệ sinh. V&igrave; nh&agrave; vệ sinh lu&ocirc;n c&oacute; kh&iacute; &ocirc; nhiễm v&agrave; uế kh&iacute;, điều n&agrave;y ảnh hưởng trực tiếp đến t&agrave;i kh&iacute; chủ nh&agrave;.</p>\r\n\r\n<p style="text-align:justify">Thiết kế ph&ograve;ng ngủ tr&aacute;nh nối liền hoặc đối diện với nh&agrave; bếp. Nh&agrave; bếp chứa nhiều kh&iacute; n&oacute;ng, nếu kết hợp hai ph&ograve;ng n&agrave;y gần nhau sẽ khiến &acirc;m dương kh&ocirc;ng điều ho&agrave;. Bởi vậy cửa nh&agrave; bếp kh&ocirc;ng n&ecirc;n đối diện với ph&ograve;ng ngủ, đặc biệt l&agrave; giường ngủ, tuyệt đối kh&ocirc;ng đối đầu giường ngủ với bếp.</p>\r\n\r\n<p style="text-align:justify">Một điều đ&aacute;ng ch&uacute; &yacute; l&agrave; cửa ph&ograve;ng ngủ kh&ocirc;ng được đối diện với gương. &nbsp;Gương nằm đối diện ph&ograve;ng ngủ giống như một đ&ocirc;i mắt đang mở to, kh&ocirc;ng hợp với ph&ograve;ng ngủ. Gương đối diện với giường sẽ trực tiếp l&agrave;m cạn kiệt năng lượng cơ thể khi ngủ. &nbsp;Bởi ban đ&ecirc;m khi con người ngủ l&agrave; l&uacute;c kh&iacute; năng yếu nhất, m&agrave; gương lại l&agrave; vật c&oacute; lực phản chiếu mạnh mẽ, dễ đẩy năng lượng của cơ thể ra ngo&agrave;i. &nbsp;Đặc biệt nguy hiểm đ&oacute; ch&iacute;nh l&agrave; bạn c&ograve;n c&oacute; thể gặp &aacute;c mộng khi nằm đối diện với gương.</p>\r\n\r\n<p style="text-align:justify">Ph&ograve;ng ngủ n&ecirc;n thiết kế &iacute;t vật dụng trang tr&iacute;, kh&ocirc;ng n&ecirc;n đặt qu&aacute; nhiều sẽ g&acirc;y rối v&agrave; h&uacute;t sinh kh&iacute; của căn ph&ograve;ng. Lưu &yacute; kh&ocirc;ng đặt x&agrave; ngang &eacute;p đầu giường, v&igrave; x&agrave; ngang cũng l&agrave; một loại s&aacute;t kh&iacute; (năng lượng &aacute;c t&iacute;nh). N&oacute; c&oacute; năng lượng &aacute;p bức v&agrave; ch&igrave;m về dưới. X&agrave; ngang &eacute;p đầu giường, khiến cho chủ nh&agrave; ngủ kh&ocirc;ng ngon, thường gặp &aacute;c mộng, đau đầu, ch&oacute;ng mặt &hellip;&nbsp;Đầu giường n&ecirc;n dựa tường để tr&aacute;nh lưu đ&ocirc;ng nguồn năng lượng động trong ph&ograve;ng &nbsp;(kh&iacute; lưu động ho&agrave;n to&agrave;n kh&ocirc;ng c&oacute; lợi trong phong thủy).</p>\r\n\r\n<p style="text-align:justify"><strong>Ph&ograve;ng bếp:</strong></p>\r\n\r\n<p style="text-align:justify">Cửa nh&agrave; bếp kỵ đối diện với cửa ch&iacute;nh v&agrave; cửa nh&agrave; vệ sinh, kh&ocirc;ng đặt gần hoặc nối liền ph&ograve;ng ngủ. Nguồn năng lượng của cửa ch&iacute;nh, nh&agrave; vệ sinh, nh&agrave; bếp đều tương đối mạnh, giữa c&aacute;c ph&ograve;ng tốt nhất kh&ocirc;ng n&ecirc;n c&oacute; li&ecirc;n quan g&igrave; đến nhau, kh&ocirc;ng động chạm g&igrave; đến nhaut. Luồng năng lượng của ch&uacute;ng đều c&oacute; li&ecirc;n quan đến sinh mệnh của chủ nh&acirc;n, nếu như năng lượng giữa c&aacute;c ph&ograve;ng gặp m&acirc;u thuẫn th&igrave; sự bất lợi sẽ chuyển sang ch&iacute;nh chủ, l&agrave;m giảm bớt vận may của bạn.</p>\r\n\r\n<p style="text-align:justify">Ph&ograve;ng bếp cần được thiết kế k&iacute;n đ&aacute;o, tr&aacute;nh luồng gi&oacute; l&ugrave;a v&agrave;o, v&igrave; ph&ograve;ng bếp rất kỵ gi&oacute;. Năng lượng trong ph&ograve;ng bếp thuộc Hoả, l&agrave; Dương kh&aacute;ng chi sở, Gi&oacute; trong ngũ h&agrave;nh thuộc Mộc, Mộc sinh Hoả đ&aacute;ng ra l&agrave; việc tốt, nhưng cổ nh&acirc;n cho rằng, nh&agrave; bếp l&agrave; Dương kh&aacute;ng chi sở, hay n&oacute;i c&aacute;ch kh&aacute;c, &ldquo;dương chi cực hĩ&rdquo;, nơi n&agrave;y m&agrave; c&ograve;n sinh th&ecirc;m Hoả th&igrave; qu&aacute; độ. .Bếp l&ograve; kh&ocirc;ng n&ecirc;n đặt dưới x&agrave; ngang. Bếp kh&ocirc;ng được hướng về cửa&hellip;</p>\r\n\r\n<p style="text-align:justify"><strong>Ph&ograve;ng kh&aacute;ch theo phong thủy</strong></p>\r\n\r\n<p style="text-align:justify">Ph&ograve;ng kh&aacute;ch l&agrave; ph&ograve;ng quan trọng nhất trong to&agrave;n thể ng&ocirc;i nh&agrave;. Kh&ocirc;ng chỉ l&agrave; bộ mặt của ng&ocirc;i nh&agrave; m&agrave; c&ograve;n l&agrave; nơi &ldquo;đ&aacute;nh gi&aacute;&rdquo; vượng kh&iacute;, v&igrave; vậy cần được thiết kế sao cho đem lại lợi &iacute;ch v&agrave; may mắn cho chủ nh&acirc;n.</p>\r\n\r\n<p style="text-align:justify">Ph&ograve;ng kh&aacute;ch trước ti&ecirc;n phải c&oacute; đủ &aacute;nh s&aacute;ng. Lan can kh&ocirc;ng n&ecirc;n đặt qu&aacute; nhiều đồ vật chặn &aacute;nh s&aacute;ng, m&agrave;u sắc tr&ecirc;n tường cũng kh&ocirc;ng qu&aacute; thẫm qu&aacute; tối, kh&iacute; phải được th&ocirc;ng suốt, tối kỵ đặt ph&ograve;ng kh&aacute;ch ở nơi c&oacute; kh&ocirc;ng kh&iacute; t&ugrave; t&uacute;ng, chật hẹp,&nbsp;&nbsp;kh&ocirc;ng n&ecirc;n c&oacute; x&agrave; ngang, v&igrave; người đứng dưới x&agrave; ngang lu&ocirc;n cảm thấy bị đ&egrave; n&eacute;n, tinh thần hoảng hốt, vận may kh&ocirc;ng được đ&aacute;nh thức.</p>\r\n\r\n<p style="text-align:justify">M&agrave;u sắc trong ph&ograve;ng kh&aacute;ch n&ecirc;n d&ugrave;ng những gam m&agrave;u cơ bản thống nhất. Phong thủy học dựa tr&ecirc;n phương hướng kh&aacute;c nhau m&agrave; thiết kế m&agrave;u sắc kh&aacute;c nhau cho ph&ugrave; hợp. N&ecirc;n lựa chọn những vật dụng trang tr&iacute; c&oacute; h&igrave;nh tr&ograve;n, v&igrave; theo phong thủy th&igrave; những vật dụng n&agrave;y lu&ocirc;n sản sinh năng lượng dung h&ograve;a, đem lại thuận lợi về nhiều mặt cho con người.</p>\r\n\r\n<p style="text-align:right">Th&ugrave;y Dương / &Aacute; Đ&ocirc;ng</p>\r\n', 1, '2014-06-22 10:34:52', 1, 1),
(14, 2, ' Những tối kỵ cần tránh khi đặt gương trong nhà', 'http://adong.com.vn/wp-content/uploads/2014/04/guong.jpg', 'Gương là một vật dụng rất cần thiết trong mỗi gia đình, nhưng vô hình không phải bạn muốn đặt gương ở đâu cũng được, bởi gương ảnh hưởng rất nhiều đến phong thủy căn nhà. Vì vậy bạn cần đặt gương sao cho vượng khí đi vào và đào thải những nguồn khí không', '<p style="text-align:justify"><strong>Gương l&agrave; một vật dụng rất cần thiết trong mỗi gia đ&igrave;nh, nhưng v&ocirc; h&igrave;nh kh&ocirc;ng phải bạn muốn đặt gương ở đ&acirc;u cũng được, bởi gương ảnh hưởng rất nhiều đến phong thủy căn nh&agrave;. V&igrave; vậy bạn cần đặt gương sao cho vượng kh&iacute; đi v&agrave;o v&agrave; đ&agrave;o thải những nguồn kh&iacute; kh&ocirc;ng tốt.</strong></p>\r\n\r\n<p style="text-align:justify">Vị tr&iacute; đặt gương thường l&agrave; trong ph&ograve;ng ngủ v&agrave; ph&ograve;ng tắm, th&ocirc;ng thường l&agrave; ở b&agrave;n trang điểm v&agrave; kệ đựng đồ vệ sinh c&aacute; nh&acirc;n trong ph&ograve;ng tắm.</p>\r\n\r\n<p style="text-align:center"><img alt="Gương cần được đặt sao cho phù hợp với phong thủy căn nhà" class="alignnone data-lazy-ready lazy size-full wp-image-2216" src="http://adong.com.vn/wp-content/uploads/2014/04/guong.jpg" style="display:inline; height:333px; width:600px" title="đặt gương đúng vị trí đem lại may mắn cho chủ nhân" /></p>\r\n\r\n<p style="text-align:center"><em>Gương cần đặt đ&uacute;ng vị tr&iacute; theo phong thủy để những may mắn lu&ocirc;n đến mới gia đ&igrave;nh bạn.</em></p>\r\n\r\n<p style="text-align:justify"><strong>Dưới đ&acirc;y l&agrave; một số điều <span style="color:#ff0000"><a href="http://adong.com.vn/nhung-toi-ky-can-tranh-khi-dat-guong-trong-nha/"><span style="color:#ff0000">tối kỵ n&ecirc;n tr&aacute;nh khi đặt gương trong nh&agrave;</span></a></span></strong></p>\r\n\r\n<p style="text-align:justify">Khi thiết kế v&agrave; lắp gương trong nh&agrave;, bạn kh&ocirc;ng được đặt gương đối diện với cửa ch&iacute;nh của nh&agrave;. Cửa ch&iacute;nh l&agrave; nơi thu h&uacute;t nhiều nguồn năng lượng v&agrave;o nh&agrave;, nếu đặt một chiếc gương lớn trước cửa sẽ đẩy v&agrave; cản trở vượng kh&iacute; v&agrave;o nh&agrave;.</p>\r\n\r\n<p>Bạn kh&ocirc;ng n&ecirc;n đặt gương trước cửa nh&agrave; vệ sinh, l&ograve; sưởi, bếp hoặc nơi c&oacute; đồ đạc lộn xộn sẽ tr&aacute;nh được những nguồn kh&iacute; ti&ecirc;u cực trong nh&agrave;. Hơn nữa, nếu treo gương đối diện với bếp lửa sẽ khiến cho ng&ocirc;i nh&agrave; dư thừa năng lượng dương.</p>\r\n\r\n<p style="text-align:justify">Tr&aacute;nh treo gương ở cuối h&agrave;nh lang hoặc ph&iacute;a cuối cầu thang. Bởi, gương ở vị tr&iacute; n&agrave;y sẽ tỏa ra những luồng kh&iacute; ti&ecirc;u cực v&agrave; mang đến cảm gi&aacute;c kh&ocirc;ng an to&agrave;n cho bạn.</p>\r\n\r\n<p style="text-align:justify">Kh&ocirc;ng đặt gương trong ph&ograve;ng ngủ. Một tấm gương trong ph&ograve;ng ngủ sẽ khiến bạn dễ mất ngủ, đặc biệt l&agrave; đặt gương đối diện trực tiếp với giường. Nếu vợ chồng đang gặp vấn đề rắc rối th&igrave; n&ecirc;n gỡ gương để tr&aacute;nh tăng th&ecirc;m xung đột.</p>\r\n\r\n<p style="text-align:justify">Kh&ocirc;ng d&ugrave;ng gương bị vỡ, nứt hoặc sử dụng gương b&aacute;t qu&aacute;i t&ugrave;y tiện. Gương nứt, vỡ tỏa ra luồng kh&iacute; rất ti&ecirc;u cực v&agrave; ph&aacute; vỡ những h&igrave;nh ảnh tốt đẹp b&ecirc;n ngo&agrave;i. Ri&ecirc;ng đối với gương b&aacute;t qu&aacute;i, bạn n&ecirc;n tham khảo &yacute; kiến của chuy&ecirc;n gia phong thủy để treo gương đ&uacute;ng vị tr&iacute; v&agrave; hợp l&yacute;.</p>\r\n\r\n<p style="text-align:justify">Treo gương đối diện với phong cảnh đẹp ngo&agrave;i trời: Nếu trong ph&ograve;ng kh&aacute;ch hoặc ph&ograve;ng ăn của bạn c&oacute; đặt một tấm gương lớn soi h&igrave;nh h&agrave;ng c&acirc;y, bầu trời xanh hoặc khu vườn nhỏ th&igrave; bạn đ&atilde; tạo cho m&igrave;nh một kh&ocirc;ng gian vừa rộng mở vừa đầy sức sống của thi&ecirc;n nhi&ecirc;n, cho căn ph&ograve;ng th&ecirc;m sống động.</p>\r\n\r\n<p style="text-align:justify">Treo gương đối diện với b&agrave;n ăn v&agrave; khu vực sinh hoạt của gia đ&igrave;nh: Ph&ograve;ng ăn l&agrave; kh&ocirc;ng gian ho&agrave;n hảo để lắp đặt gương lớn v&igrave; ăn uống đại diện cho sự gi&agrave;u c&oacute;, no đủ của gia đ&igrave;nh. Khi treo gương ở khu vực n&agrave;y, bạn đ&atilde; nh&acirc;n đ&ocirc;i sự sung t&uacute;c của m&igrave;nh v&agrave; c&ograve;n gi&uacute;p năng lượng tốt lan tỏa khắp nơi. B&ecirc;n cạnh đ&oacute;, h&atilde;y treo gương trong căn ph&ograve;ng nơi cả gia đ&igrave;nh thường tổ chức tiệc hoặc hội họp để tạo th&ecirc;m kh&ocirc;ng kh&iacute; vui tươi cho cả nh&agrave;.</p>\r\n\r\n<p style="text-align:justify">H&atilde;y đặt một tấm gương trước biểu tượng tiền bạc, gi&agrave;u c&oacute; như k&eacute;t sắt, h&igrave;nh đồng tiền mạ v&agrave;ng&hellip; Trong cửa h&agrave;ng v&agrave;ng bạc, bạn c&oacute; thể treo tấm gương lớn đối diện với tủ k&iacute;nh đựng v&agrave;ng để nh&acirc;n đ&ocirc;i sự gi&agrave;u sang v&agrave; dễ quan s&aacute;t khi b&aacute;n h&agrave;ng.</p>\r\n\r\n<p>Ở những căn ph&ograve;ng nhỏ hoặc trong một h&agrave;nh lang d&agrave;i nhưng hẹp, bạn c&oacute; thể lắp gương để tạo cảm gi&aacute;c như kh&ocirc;ng gian căn ph&ograve;ng rộng hơn v&agrave; tho&aacute;ng hơn.</p>\r\n\r\n<p style="text-align:right">Theo vnexpress.net</p>\r\n', 1, '2014-06-22 10:37:14', 2, 1),
(15, 2, 'Thiết kế nội thất phòng khách theo phong thủy', 'http://adong.com.vn/wp-content/uploads/2014/04/phongkhachphongthuy.jpg', 'Thiết kế phòng khách sao cho phù hớp với phong thủy quả là một vấn đề đáng quan tâm  và lưu ý. Bởi sự hoàn hảo của một ngôi nhà không chỉ đẹp về hình thức  mà nó còn phải đem lại sinh khí, sự may mắn, thành công và tài lộc cho chủ nhân.', '<p style="text-align:justify">Thiết kế ph&ograve;ng kh&aacute;ch sao cho ph&ugrave; hớp với phong thủy quả l&agrave; một vấn đề đ&aacute;ng quan t&acirc;m&nbsp; v&agrave; lưu &yacute;. Bởi sự ho&agrave;n hảo của một ng&ocirc;i nh&agrave; kh&ocirc;ng chỉ đẹp về h&igrave;nh thức&nbsp; m&agrave; n&oacute; c&ograve;n phải đem lại sinh kh&iacute;, sự may mắn, th&agrave;nh c&ocirc;ng v&agrave; t&agrave;i lộc cho chủ nh&acirc;n.</p>\r\n\r\n<p style="text-align:center"><img alt="trang trí nội thất phòng khách theo phong thủy" class="alignnone data-lazy-ready lazy size-full wp-image-1869" src="http://adong.com.vn/wp-content/uploads/2014/04/phongkhachphongthuy.jpg" style="display:inline; height:398px; width:600px" /></p>\r\n\r\n<p style="text-align:center"><em>Trang tr&iacute; thiết kế nội thất ph&ograve;ng kh&aacute;ch ph&ugrave; hợp theo phong thủy cho một cuộc sống ho&agrave;n hảo.</em></p>\r\n\r\n<p style="text-align:justify"><strong>Khi <a href="http://adong.com.vn">trang tr&iacute; thiết kế nội thất</a> ph&ograve;ng kh&aacute;ch&nbsp; bạn n&ecirc;n ch&uacute; &yacute; những điểm sau:</strong></p>\r\n\r\n<p style="text-align:justify"><strong>Vị tr&iacute; ph&ograve;ng kh&aacute;ch:</strong></p>\r\n\r\n<p style="text-align:justify">T&acirc;m điểm ch&uacute; &yacute; thường v&agrave; n&ecirc;n chọn l&agrave; ph&ograve;ng gần cửa ra v&agrave;o, v&igrave; đ&acirc;y l&agrave; vị tr&iacute; th&iacute;ch hợp để lưu th&ocirc;ng v&agrave; t&iacute;ch tụ kh&iacute;.&nbsp; Nếu nh&agrave; bạn c&oacute; h&agrave;nh lang hoặc huyền quan, bạn n&ecirc;n dọn dẹp gọn g&agrave;ng v&agrave; sạch sẽ, lu&ocirc;n đảm bảo &aacute;nh s&aacute;ng đầy đủ cho lối v&agrave;o để luồng kh&iacute; v&agrave;o nh&agrave; được lưu th&ocirc;ng. Nếu trong nh&agrave; phố hay biệt thự c&oacute; nhiều tầng, bạn n&ecirc;n chọn ph&ograve;ng kh&aacute;ch ở vị tr&iacute; thấp so với ph&ograve;ng ngủ v&agrave; ph&ograve;ng bếp để gia chủ dễ d&agrave;ng quan s&aacute;t được mọi hoạt động trong nh&agrave;.</p>\r\n\r\n<p style="text-align:justify">Ph&ograve;ng kh&aacute;ch cần chọn ở nới tho&aacute;ng v&agrave; rộng r&atilde;i để luồng kh&iacute; sạch v&agrave;o nh&agrave; lu&ocirc;n đi từ cổng qua lối v&agrave;o đến ph&ograve;ng kh&aacute;ch, nếu trước nh&agrave; kh&ocirc;ng sạch sẽ, c&oacute; m&ugrave;i h&ocirc;i của cống r&atilde;nh sẽ khiến luồng kh&iacute; xấu v&agrave;o nh&agrave;, kh&ocirc;ng chỉ g&acirc;y ảnh hưởng đến vận kh&iacute; tốt m&agrave; c&ograve;n c&oacute; hại cho sức khỏe của c&aacute;c th&agrave;nh vi&ecirc;n trong gia đ&igrave;nh.</p>\r\n\r\n<p style="text-align:justify"><strong>Thiết kế ph&ograve;ng</strong></p>\r\n\r\n<p style="text-align:justify">Bạn n&ecirc;n thiết kế ph&ograve;ng kh&aacute;ch h&igrave;nh vu&ocirc;ng hoặc h&igrave;nh chữ nhật, khu vực ngồi cũng n&ecirc;n tương ứng với h&igrave;nh dạng của ph&ograve;ng. V&iacute; dụ với ph&ograve;ng kh&aacute;ch h&igrave;nh chữ nhật hoặc h&igrave;nh vu&ocirc;ng th&igrave; n&ecirc;n k&ecirc; ghế sofa theo h&igrave;nh chữ L. Trong trường hợp thiết kế ph&ograve;ng kh&aacute;ch của bạn kh&ocirc;ng được vu&ocirc;ng vắn cho lắm th&igrave; bạn n&ecirc;n k&ecirc; tủ hoặc đồ nội thất kh&aacute;c sao cho khoảng trống trong nh&agrave; vu&ocirc;ng vắn. C&ograve;n nếu nh&agrave; bạn c&oacute; g&oacute;c khuyết th&igrave; n&ecirc;n sử dụng gương để tạo n&ecirc;n g&oacute;c tượng trưng cho ph&ograve;ng kh&aacute;ch.</p>\r\n\r\n<p style="text-align:justify"><strong>Sắp xếp nội thất</strong></p>\r\n\r\n<p style="text-align:justify">Theo phong thủy nh&agrave; đất, những vật tr&ecirc;n khi treo tường sẽ dễ dẫn đến tranh c&atilde;i, g&acirc;y bất h&ograve;a đối với những người trong nh&agrave;. V&igrave; vậy m&agrave; c&oacute; những vật dụng kh&ocirc;ng n&ecirc;n treo tường sẽ g&acirc;y ảnh hưởng đến luồng kh&iacute; di chuyển trong ph&ograve;ng kh&aacute;ch, v&iacute; dụ như kiếm, huy chương, th&uacute; nhồi b&ocirc;ng&hellip;<br />\r\nN&ecirc;n chọn vị tr&iacute; tho&aacute;ng đ&atilde;ng, kh&ocirc; r&aacute;o trong nh&agrave; để đặt ph&ograve;ng kh&aacute;ch. Bởi luồng kh&iacute; v&agrave;o nh&agrave; lu&ocirc;n đi từ cổng qua lối v&agrave;o đến ph&ograve;ng kh&aacute;ch, nếu trước nh&agrave; kh&ocirc;ng sạch sẽ, c&oacute; m&ugrave;i h&ocirc;i của cống r&atilde;nh sẽ khiến luồng kh&iacute; xấu v&agrave;o nh&agrave;, kh&ocirc;ng chỉ g&acirc;y ảnh hưởng đến vận kh&iacute; tốt m&agrave; c&ograve;n c&oacute; hại cho sức khỏe của c&aacute;c th&agrave;nh vi&ecirc;n trong gia đ&igrave;nh.</p>\r\n\r\n<p><strong>&Aacute;nh s&aacute;ng ph&ograve;ng</strong></p>\r\n\r\n<p style="text-align:justify">Ph&ograve;ng rộng r&atilde; v&agrave; nhiều &aacute;nh s&aacute;ng l&agrave; ti&ecirc;u ch&iacute; chuẩn mực cho ph&ograve;ng kh&aacute;ch. B&ecirc;n cạnh đ&oacute;, bạn n&ecirc;n chọn m&agrave;u sơn c&oacute; sắc m&agrave;u tươi s&aacute;ng, bởi theo phong thủy, những m&agrave;u s&aacute;ng c&oacute; thể mang nhiều vận may v&agrave; của cải đến cho gia đ&igrave;nh bạn hơn l&agrave; những gam m&agrave;u tối.</p>\r\n\r\n<p style="text-align:justify"><strong>S&agrave;n nh&agrave;</strong></p>\r\n\r\n<p style="text-align:justify">Tưởng chừng như kh&ocirc;ng quan trọng v&agrave; kh&ocirc;ng li&ecirc;n quan, nhưng thiết kế s&agrave;n nh&agrave; của ph&ograve;ng kh&aacute;ch lại rất quan trọng. S&agrave;n nh&agrave; cần được thiết kế bằng phẳng, nếu s&agrave;n nh&agrave; được thiết kế ph&acirc;n v&ugrave;ng cao thấp sẽ dễ g&acirc;y s&oacute;ng gi&oacute;, thăng trầm trong cuộc sống gia đ&igrave;nh.</p>\r\n\r\n<p style="text-align:right"><em>Theo tda.vn</em></p>\r\n', 1, '2014-06-22 10:38:58', 1, 1),
(16, 1, 'Thiết kế nội thất nhà đẹp với sàn gỗ cao cấp', 'http://adong.com.vn/wp-content/uploads/2014/06/sango3.jpg', 'Thiết kế nội thất nhà đẹp với sàn gỗ cao cấp là một xu hướng được hướng đến hầu hết trong các khu biệt thự cao cấp. Sàn gỗ không thể thiếu cho một phòng khách tiện nghi và sang trọng trong trang trí nội thất vì chúng mang lại một không gian thoáng mát, gầ', '<p style="text-align:justify"><strong><a href="http://adong.com.vn/thiet-ke-noi-nha-dep-voi-san-go-cao-cap/">Thiết kế nội thất nh&agrave; đẹp với s&agrave;n gỗ cao cấp</a> l&agrave; một xu hướng được hướng đến hầu hết trong c&aacute;c khu biệt thự cao cấp.&nbsp;S&agrave;n gỗ kh&ocirc;ng thể thiếu cho một ph&ograve;ng kh&aacute;ch tiện nghi v&agrave; sang trọng trong <a href="http://adong.com.vn/">trang tr&iacute; nội thất</a> v&igrave; ch&uacute;ng mang lại một kh&ocirc;ng gian tho&aacute;ng m&aacute;t, gần gũi với thi&ecirc;n nhi&ecirc;n với m&agrave;u gỗ tươi, hương gỗ nồng n&agrave;n.</strong></p>\r\n\r\n<p style="text-align:justify">S&agrave;n gỗ l&agrave; loại vật liệu được nhiều người ưa chuộng, mang m&agrave;u sắc tự nhi&ecirc;n v&agrave; dễ b&agrave;i tr&iacute;. Do độ bền kh&ocirc;ng cao bằng c&aacute;c loại vật liệu kh&aacute;c như ceramic, granit, composit&hellip;, dễ cong v&ecirc;nh dưới điều kiện độ ẩm cao hay ngập nước n&ecirc;n s&agrave;n gỗ thường được sử dụng ở những nơi kh&ocirc; r&aacute;o, hoặc cần sự trang trọng lịch sự như ph&ograve;ng ngủ v&agrave; ph&ograve;ng kh&aacute;ch.</p>\r\n\r\n<p style="text-align:center"><img alt="Nội thất nhà đẹp với sàn gỗ" class="alignnone data-lazy-ready lazy size-full wp-image-2568" src="http://adong.com.vn/wp-content/uploads/2014/06/sango3.jpg" style="display:inline; height:439px; width:600px" title="Nội thất sàn gỗ" /></p>\r\n\r\n<p style="text-align:center"><em>S&agrave;n gỗ tự nhi&ecirc;n sang trọng, c&oacute; t&iacute;nh thẩm mỹ cao với nhiều m&agrave;u sắc cho sự lựa chọn th&ecirc;m phong ph&uacute;.</em></p>\r\n\r\n<p style="text-align:justify">C&oacute; hai loại gỗ được sử dụng l&agrave;m v&aacute;n s&agrave;n gỗ th&ocirc;ng dụng đ&oacute; l&agrave; s&agrave;n gỗ tự nhi&ecirc;n v&agrave; s&agrave;n gỗ c&ocirc;ng nghiệp. S&agrave;n gỗ tự nhi&ecirc;n gồm&nbsp;s&agrave;n gỗ gi&aacute;ng hương , s&agrave;n gỗ căm xe , s&agrave;n gỗ sồi , s&agrave;n gỗ lim , s&agrave;n gỗ chiu liu &hellip; với chủng loại, mẫu m&atilde;, m&agrave;u sắc đa dạng phong ph&uacute;. S&agrave;n gỗ tự nhi&ecirc;n&nbsp;được gia c&ocirc;ng sơ chế, định h&igrave;nh theo ti&ecirc;u chuẩn, tẩm sấy, xử l&yacute; chống mối mọt, cong v&ecirc;nh, sau đ&oacute; ho&agrave;n thiện bằng d&acirc;y chuyền phun sơn UV hiện đại&hellip; S&agrave;n gỗ tự nhi&ecirc;n c&oacute; t&iacute;nh thẩm mỹ cao với nhiều m&agrave;u sắc, &nbsp;hầu hết được c&aacute;c chủ nh&acirc;n c&aacute;c khu biệt thự cao cấp ưa chuộng. Tuy nhi&ecirc;n, một nhược điểm của v&aacute;n gỗ đ&oacute; l&agrave;&nbsp;&nbsp;l&agrave; hệ số gi&atilde;n nở lớn, đặc biệt trong m&ocirc;i trường độ ẩm cao, khi trời nồm hoặc hanh kh&ocirc; d&ugrave; đ&atilde; qua xử l&yacute;. S&agrave;n gỗ tự nhi&ecirc;n c&oacute; lớp phủ bề mặt song khả năng trầy xước vẫn lớn. S&agrave;n gỗ tự nhi&ecirc;n kh&oacute; thi c&ocirc;ng, đ&ograve;i hỏi kỹ thuật v&agrave; sự ch&iacute;nh x&aacute;c cao.</p>\r\n\r\n<p style="text-align:center"><img alt="Nội thất nhà đẹp với sàn gỗ 1" class="alignnone data-lazy-ready lazy size-full wp-image-2567" src="http://adong.com.vn/wp-content/uploads/2014/06/sango2.jpg" style="display:inline; height:450px; width:600px" title="Nội thất sàn gỗ" /></p>\r\n\r\n<p style="text-align:center"><em>S&agrave;n gỗ tự nhi&ecirc;n kh&oacute; thi c&ocirc;ng, đ&ograve;i hỏi kỹ thuật v&agrave; sự ch&iacute;nh x&aacute;c cao.</em></p>\r\n\r\n<p style="text-align:justify">S&agrave;n gỗ c&ocirc;ng nghiệp được&nbsp;nhập khẩu từ H&agrave;n Quốc, Trung Quốc, Đức, Malaysia v&agrave; được sản xuất theo c&ocirc;ng nghệ cuả Đức, Thụy Điển, Mỹ&hellip; Loại n&agrave;y c&oacute; thể chịu nhiệt cao, hạn chế khả năng bắt lửa, kh&oacute; biến dạng, m&agrave;i m&ograve;n, trầy xước, dễ l&agrave;m sạch v&agrave; đặc biệt l&agrave; đơn giản trong thi c&ocirc;ng, lắp đặt. V&agrave; b&ecirc;n cạnh đ&oacute; c&ograve;n c&oacute; nhược điểm đ&oacute; ch&iacute;nh l&agrave;: &nbsp;kh&oacute; th&iacute;ch nghi với m&ocirc;i trường độ ẩm cao n&ecirc;n dễ cong v&ecirc;nh khi gặp nước d&ugrave; được xử l&yacute; kỹ lưỡng. Sự hạn chế về m&agrave;u sắc v&agrave; kiểu v&acirc;n gỗ. V&agrave; v&aacute;n gỗ c&ocirc;ng nghiệp kh&ocirc;ng c&oacute; được vẻ đẹp thực sự như s&agrave;n gỗ tự nhi&ecirc;n.</p>\r\n\r\n<p style="text-align:center"><img alt="Nội thất nhà đẹp với sàn gỗ 2" class="alignnone data-lazy-ready lazy size-full wp-image-2566" src="http://adong.com.vn/wp-content/uploads/2014/06/sango1.jpg" style="display:inline; height:440px; width:600px" title="Nội thất sàn gỗ" /></p>\r\n\r\n<p style="text-align:center"><em>S&agrave;n gỗ c&ocirc;ng nghiệp dễ thi c&ocirc;ng lắp đặt v&agrave; dễ vệ sinh.</em></p>\r\n\r\n<p style="text-align:justify">Khi thiết kế nội thất ph&ograve;ng với những kh&ocirc;ng gian nhỏ hẹp, v&iacute; dụ ph&ograve;ng kh&aacute;ch c&oacute; kh&ocirc;ng gian nhỏ hẹp, n&ecirc;n chọn những loại s&agrave;n gỗ c&oacute; bề mặt hơi nh&aacute;m hoặc hơi sần, b&agrave;n ghế vừa phải kh&ocirc;ng n&ecirc;n qu&aacute; khổ v&igrave; sẽ tạo một sự kh&ocirc;ng c&acirc;n xứng cho kh&ocirc;ng gian ph&ograve;ng kh&aacute;ch, m&agrave;u sắc n&ecirc;n l&agrave; những m&agrave;u s&aacute;ng như m&agrave;u trắng x&aacute;m, m&agrave;u v&agrave;ng nhạt. C&ograve;n với những ph&ograve;ng kh&aacute;ch c&oacute; diện t&iacute;ch rộng, m&agrave;u sơn tường tươi s&aacute;ng th&igrave; s&agrave;n gỗ n&ecirc;n c&oacute; m&agrave;u tối như m&agrave;u n&acirc;u, đen, v&agrave;ng đồng để tạo sự tương phản độc đ&aacute;o v&agrave; ấn tượng v&agrave; kh&ocirc;ng g&acirc;y cảm gi&aacute;c tẻ nhạt cho ng&ocirc;i nh&agrave;. Ngược lại m&agrave;u s&agrave;n gỗ kem, trắng, v&agrave;ng nhạt rất th&iacute;ch hợp với kh&ocirc;ng gian nh&agrave; hẹp tạo cảm gi&aacute;c tho&aacute;ng v&agrave; rộng hơn. Sofa ph&ograve;ng kh&aacute;ch n&ecirc;n chọn những&nbsp;thiết kế sải d&agrave;i, m&agrave;u n&oacute;ng ấm như m&agrave;u v&agrave;ng đồng, đỏ, hoặc n&acirc;u để tạo một cảm gi&aacute;c ấm c&uacute;ng, gần gũi m&agrave; sang trọng. C&aacute;ch chọn b&agrave;n ghế trang tr&iacute; ph&ugrave; hợp.</p>\r\n\r\n<p style="text-align:center"><img alt="Nội thất nhà đẹp với sàn gỗ 3" class="alignnone data-lazy-ready lazy size-full wp-image-2565" src="http://adong.com.vn/wp-content/uploads/2014/06/sango.jpg" style="display:inline; height:375px; width:600px" title="Nội thất sàn gỗ" /></p>\r\n\r\n<p style="text-align:center"><em>C&oacute; hai loại gỗ được sử dụng l&agrave;m v&aacute;n s&agrave;n gỗ th&ocirc;ng dụng đ&oacute; l&agrave; s&agrave;n gỗ tự nhi&ecirc;n v&agrave; s&agrave;n gỗ c&ocirc;ng nghiệp.</em></p>\r\n\r\n<p style="text-align:justify">Để tạo ấn tượng hơn, bạn n&ecirc;n bổ sung v&agrave;o thiết kế ph&ograve;ng với một tấm thảm trang tr&iacute; đặc biệt l&agrave; ph&ograve;ng kh&aacute;ch c&oacute; sử dụng s&agrave;n gỗ một mặt để tạo sự &ecirc;m &aacute;i v&agrave; t&ocirc;n l&ecirc;n vẻ đẹp của mặt s&agrave;n cũng như tạo một điểm nhần l&agrave;m t&ocirc;n l&ecirc;n vẻ đẹp của c&aacute;c chi tiết nội thất. B&ecirc;n cạnh đ&oacute;, thảm trang tr&iacute; cũng gi&uacute;p bảo vệ mặt s&agrave;n gỗ rất tốt, hạn chế thức ăn, nước uống rơi v&atilde;i tr&ecirc;n mặt s&agrave;n.</p>\r\n\r\n<p style="text-align:right">Th&ugrave;y Dương / &Aacute; Đ&ocirc;ng</p>\r\n', 1, '2014-06-22 10:50:34', 3, 1);
INSERT INTO `ktv_news` (`id`, `newstype`, `title`, `image`, `summary`, `content`, `visible`, `creationDate`, `view_count`, `status`) VALUES
(17, 1, 'Mẫu kệ tivi cho nội thất phòng khách độc đáo', 'http://adong.com.vn/wp-content/uploads/2014/06/ketivi9.jpg', 'Từ sang trọng, hiện đại, cao cấp cho đến bình dị, đơn giản, kệ tivi luôn là mặt hàng được thiết kế với nhiều mẫu mã, chất liệu và kiểu dáng trên thị trường nội thất.  Kệ ti vi với chất liệu như gỗ, inox, sắt, hay ốp gạch lát, đặc biệt kệ gỗ rất', '<p style="text-align:justify"><strong>Từ sang trọng, hiện đại, cao cấp cho đến b&igrave;nh dị, đơn giản, kệ tivi lu&ocirc;n l&agrave; mặt h&agrave;ng được thiết kế với nhiều mẫu m&atilde;, chất liệu v&agrave; kiểu d&aacute;ng tr&ecirc;n thị trường nội thất.&nbsp; </strong></p>\r\n\r\n<p style="text-align:justify">Kệ ti vi với chất liệu như gỗ, inox, sắt, hay ốp gạch l&aacute;t, đặc biệt kệ gỗ rất phổ biến v&agrave; được ưa chuộng, c&oacute; thể đặt trong ph&ograve;ng kh&aacute;ch, hoặc ph&ograve;ng ngủ &hellip;</p>\r\n\r\n<p style="text-align:justify">&Aacute; Đ&ocirc;ng xin được gửi đến những<strong><a href="http://adong.com.vn/mau-ke-tivi-cho-noi-phong-khach-doc-dao/"> mẫu kệ ti vi</a></strong> mới nhất với những thiết kế sang trọng, nhằm đem lại cho bạn một kh&ocirc;ng gian ph&ograve;ng tuyệt đẹp với những nội thất cao cấp.</p>\r\n\r\n<p style="text-align:center"><img alt="Kệ tivi trong trang trí nội thất 1" class="alignnone data-lazy-ready lazy size-full wp-image-2583" src="http://adong.com.vn/wp-content/uploads/2014/06/ketivi9.jpg" style="display:inline; height:399px; width:600px" title="Kệ tivi trong trang trí nội thất " /></p>\r\n\r\n<p style="text-align:center"><img alt="Kệ tivi trong trang trí nội thất" class="alignnone data-lazy-ready lazy size-full wp-image-2578" src="http://adong.com.vn/wp-content/uploads/2014/06/ketivi4.png" style="display:inline; height:387px; width:600px" title="Kệ tivi trong trang trí nội thất " /></p>\r\n\r\n<p style="text-align:center"><img alt="Kệ tivi trong trang trí nội thất 2" class="alignnone data-lazy-ready lazy size-full wp-image-2585" src="http://adong.com.vn/wp-content/uploads/2014/06/ketivi11.jpg" style="display:inline; height:400px; width:600px" title="Kệ tivi trong trang trí nội thất " /></p>\r\n\r\n<p style="text-align:center"><img alt="Kệ tivi trong trang trí nội thất 4" class="alignnone data-lazy-ready lazy size-full wp-image-2584" src="http://adong.com.vn/wp-content/uploads/2014/06/ketivi10.jpg" style="display:inline; height:400px; width:600px" title="Kệ tivi trong trang trí nội thất " /></p>\r\n\r\n<p style="text-align:center"><img alt="Kệ tivi trong trang trí nội thất 5" class="alignnone data-lazy-ready lazy size-full wp-image-2582" src="http://adong.com.vn/wp-content/uploads/2014/06/ketivi8.jpg" style="display:inline; height:330px; width:600px" title="Kệ tivi trong trang trí nội thất " /></p>\r\n\r\n<p style="text-align:center"><img alt="Kệ tivi trong trang trí nội thất 5" class="alignnone data-lazy-ready lazy size-full wp-image-2581" src="http://adong.com.vn/wp-content/uploads/2014/06/ketivi7.jpg" style="display:inline; height:428px; width:600px" title="Kệ tivi trong trang trí nội thất " /></p>\r\n\r\n<p style="text-align:center"><img alt="Kệ tivi trong trang trí nội thất 5 7" class="alignnone data-lazy-ready lazy size-full wp-image-2580" src="http://adong.com.vn/wp-content/uploads/2014/06/ketivi6.jpg" style="display:inline; height:452px; width:600px" title="Kệ tivi trong trang trí nội thất " /></p>\r\n\r\n<p style="text-align:center"><img alt="Kệ tivi trong trang trí nội thất 8" class="alignnone data-lazy-ready lazy size-full wp-image-2579" src="http://adong.com.vn/wp-content/uploads/2014/06/ketivi5.jpg" style="display:inline; height:437px; width:600px" title="Kệ tivi trong trang trí nội thất " /></p>\r\n\r\n<p style="text-align:center"><img alt="Kệ tivi trong trang trí nội thất" class="alignnone data-lazy-ready lazy size-full wp-image-2577" src="http://adong.com.vn/wp-content/uploads/2014/06/ketivi3.jpg" style="display:inline; height:426px; width:600px" title="Kệ tivi trong trang trí nội thất " /></p>\r\n\r\n<p style="text-align:center"><a href="http://adong.com.vn/wp-content/uploads/2014/06/ketivi2.jpg"><img alt="Kệ tivi trong trang trí nội thất 5" class="alignnone data-lazy-ready lazy size-full wp-image-2576" src="http://adong.com.vn/wp-content/uploads/2014/06/ketivi2.jpg" style="display:inline; height:332px; width:600px" /></a></p>\r\n\r\n<p style="text-align:center"><img alt="Kệ tivi trong trang trí nội thất " class="alignnone data-lazy-ready lazy size-full wp-image-2575" src="http://adong.com.vn/wp-content/uploads/2014/06/ketivi1.jpg" style="display:inline; height:372px; width:600px" title="Kệ tivi trong trang trí nội thất " /></p>\r\n\r\n<p style="text-align:center"><img alt="Kệ tivi trong trang trí nội thất " class="alignnone data-lazy-ready lazy size-full wp-image-2574" src="http://adong.com.vn/wp-content/uploads/2014/06/ketivi.jpg" style="display:inline; height:453px; width:640px" title="Kệ tivi trong trang trí nội thất " /></p>\r\n\r\n<p style="text-align:right">Th&ugrave;y Dương / &Aacute; Đ&ocirc;ng</p>\r\n', 1, '2014-06-22 10:52:18', 2, 1),
(18, 1, ' Màu sơn tường và ý nghĩa màu sơn tường trong thiết kế nội thất', 'http://adong.com.vn/wp-content/uploads/2014/06/mausontuong2.jpg', 'Không gian nhà đẹp được hoàn thành với một màu sơn tường phù hợp với thiết kế nội thất đặt ra là một kết thúc hoàn hảo trong công trình xây dựng. Chính vì vậy, bạn cần tìm hiểu để lựa chọn màu sơn tường theo ý nghĩa từng màu mắc, nhằm mục đích đem ', '<p style="text-align:justify"><strong>Kh&ocirc;ng gian nh&agrave; đẹp được ho&agrave;n th&agrave;nh với một m&agrave;u sơn tường ph&ugrave; hợp với <a href="http://adong.com.vn/">thiết kế nội thất</a> đặt ra l&agrave; một kết th&uacute;c ho&agrave;n hảo trong c&ocirc;ng tr&igrave;nh x&acirc;y dựng. Ch&iacute;nh v&igrave; vậy, bạn cần t&igrave;m hiểu để lựa chọn m&agrave;u sơn tường theo &yacute; nghĩa từng m&agrave;u mắc, nhằm mục đ&iacute;ch đem lại may mắn cho chủ nh&acirc;n v&agrave; thẩm mỹ cho ng&ocirc;i nh&agrave;.</strong></p>\r\n\r\n<p style="text-align:justify"><strong><a href="http://adong.com.vn/mau-son-tuong-va-y-nghia-mau-son-tuong-trong-thiet-ke-noi-that/">M&agrave;u sơn tường v&agrave; &yacute; nghĩa m&agrave;u sơn tường</a></strong> để ph&ugrave; hợp quả thật rất kh&oacute;, tuy nhi&ecirc;n nếu bạn nắm r&otilde; &yacute; nghĩa c&aacute;c m&agrave;u sơn tường th&igrave; việc lựa chọn ắt hẳn sẽ trở n&ecirc;n đơn giản hơn. Việc phối m&agrave;u từ đ&oacute; cũng kh&ocirc;ng c&ograve;n kh&oacute; khăn nữa. B&ecirc;n cạnh việc tạo n&eacute;t đẹp cho nh&agrave;, m&agrave;u sơn tường c&ograve;n ảnh hưởng đến cuộc sống của bạn, như đem lại cảm gi&aacute;c thanh tho&aacute;t, nhẹ nh&agrave;ng hay sẽ g&acirc;y nhức mắt, mệt mỏi.</p>\r\n\r\n<p style="text-align:center"><img alt="Màu sơn tường 2" class="alignnone data-lazy-ready lazy size-full wp-image-2592" src="http://adong.com.vn/wp-content/uploads/2014/06/mausontuong2.jpg" style="display:inline; height:379px; width:600px" title="Màu sơn tường và ý nghĩa màu sơn tường" /></p>\r\n\r\n<p style="text-align:center"><em>Chọn m&agrave;u sơn tường ph&ugrave; hợp đem lại n&eacute;t đẹp cho căn nh&agrave; v&agrave; may mắn cho chủ nh&acirc;n.</em></p>\r\n\r\n<p style="text-align:justify"><strong>Dưới đ&acirc;y l&agrave; một số gợi &yacute; về &yacute; nghĩa m&agrave;u sắc m&agrave;u sơn tường cho bạn tham khảo:</strong></p>\r\n\r\n<p style="text-align:justify"><strong>Sơn tường m&agrave;u v&agrave;ng:</strong></p>\r\n\r\n<p style="text-align:justify">Đ&acirc;y l&agrave; m&agrave;u sắc tượng trưng cho sự may mắn phồn thịnh, tạo cảm gi&aacute;c b&igrave;nh y&ecirc;n, nhẹ nh&agrave;ng, y&ecirc;n ả. Nhưng&nbsp;kh&ocirc;ng n&ecirc;n sơn một m&agrave;u duy nhất m&agrave; h&atilde;y kết hợp với với những m&agrave;u sắc kh&aacute;c để tạo n&eacute;t độc đ&aacute;o, v&agrave; chỉ phối với tối đa 3 m&agrave;u ở một ph&ograve;ng nhằm tr&aacute;nh g&acirc;y sự rối mắt, loạn t&acirc;m l&yacute; cho chủ nh&agrave;.</p>\r\n\r\n<p style="text-align:center"><img alt="Màu sơn tường" class="alignnone data-lazy-ready lazy size-full wp-image-2594" src="http://adong.com.vn/wp-content/uploads/2014/06/mausontuong4.jpg" style="display:inline; height:387px; width:600px" title="Màu sơn tường và ý nghĩa màu sơn tường" /></p>\r\n\r\n<p style="text-align:center"><em>M&agrave;u v&agrave;ng tượng trưng cho sự may mắn phồn thịnh, tạo cảm gi&aacute;c b&igrave;nh y&ecirc;n, nhẹ nh&agrave;ng, y&ecirc;n ả.</em></p>\r\n\r\n<p style="text-align:justify"><strong>Sơn tường m&agrave;u xanh: </strong></p>\r\n\r\n<p style="text-align:justify">M&agrave;u sắc thi&ecirc;n nhi&ecirc;n n&agrave;y tạo n&ecirc;n sự tươi m&aacute;t, th&acirc;n thiện với m&ocirc;i trường. Với m&agrave;u sắc n&agrave;y sẽ tạo n&ecirc;n cảm gi&aacute;c thoải m&aacute;i về t&acirc;m l&yacute;, nhẹ nh&agrave;ng thanh tho&aacute;t, tạo cảm hứng khi l&agrave;m việc.</p>\r\n\r\n<p style="text-align:center"><img alt="Màu sơn tường 3" class="alignnone data-lazy-ready lazy size-full wp-image-2593" src="http://adong.com.vn/wp-content/uploads/2014/06/mausontuong3.jpg" style="display:inline; height:450px; width:600px" title="Màu sơn tường và ý nghĩa màu sơn tường" /></p>\r\n\r\n<p style="text-align:center"><em>M&agrave;u sắc thi&ecirc;n nhi&ecirc;n n&agrave;y tạo n&ecirc;n sự tươi m&aacute;t, th&acirc;n thiện với m&ocirc;i trường&nbsp; &nbsp; &nbsp; &nbsp;</em></p>\r\n\r\n<p style="text-align:justify"><strong>Sơn tường m&agrave;u trắng:</strong></p>\r\n\r\n<p style="text-align:justify">L&agrave; một sắc m&agrave;u của sự trong s&aacute;ng, ch&acirc;n th&agrave;nh, nh&atilde; nhặn.&nbsp;N&ecirc;n sử dụng m&agrave;u trắng kem để tr&aacute;nh sự cỗi kh&ocirc; cho kh&ocirc;ng gian. Ngo&agrave;i ra cũng cần phối th&ecirc;m c&aacute;c m&agrave;u sắc kh&aacute;c để tăng t&iacute;nh thẩm mỹ cho ng&ocirc;i nh&agrave;.</p>\r\n\r\n<p style="text-align:center"><img alt="Màu sơn tường" class="alignnone data-lazy-ready lazy size-full wp-image-2590" src="http://adong.com.vn/wp-content/uploads/2014/06/mausontuong.jpg" style="display:inline; height:417px; width:600px" title="Màu sơn tường và ý nghĩa màu sơn tường" /></p>\r\n\r\n<p style="text-align:center"><em>M&agrave;u trắng kem để tr&aacute;nh sự cỗi kh&ocirc; đơn điệu cho kh&ocirc;ng gian nh&agrave;.</em></p>\r\n\r\n<p style="text-align:justify"><strong>Sơn tường m&agrave;u hồng</strong></p>\r\n\r\n<p style="text-align:justify">L&atilde;ng mạn l&agrave; điều đầu ti&ecirc;n m&agrave; m&agrave;u sắc n&agrave;y đem lại, đặc biệt ph&ugrave; hợp khi sơn ph&ograve;ng vợ chồng trẻ, thiếu nữ. Những người th&iacute;ch m&agrave;u hồng l&agrave; những người sống đầy l&atilde;ng mạn, tốt đẹp v&agrave; niềm tin v&agrave;o cuộc sống. Th&ocirc;ng thường được sơn ở ph&ograve;ng ngủ hoặc ph&ograve;ng kh&aacute;ch.</p>\r\n\r\n<p style="text-align:center"><img alt="Màu sơn tường 1" class="alignnone data-lazy-ready lazy size-full wp-image-2591" src="http://adong.com.vn/wp-content/uploads/2014/06/mausontuong1.jpg" style="display:inline; height:399px; width:600px" title="Màu sơn tường và ý nghĩa màu sơn tường" /></p>\r\n\r\n<p style="text-align:center"><em>M&agrave;u sơn tường hồng nhạt cho bạn g&aacute;i th&ecirc;m y&ecirc;u đời v&agrave; l&atilde;ng mạn hơn.</em></p>\r\n\r\n<p style="text-align:justify">Khi phối m&agrave;u sơn tường, một lời khuy&ecirc;n d&agrave;nh cho bạn đ&oacute; l&agrave; n&ecirc;n lựa m&agrave;u sắc thi&ecirc;n nhi&ecirc;n, v&agrave; m&agrave;u v&agrave;ng l&agrave; m&agrave;u sắc được lựa chọn nhiều nhất bởi n&oacute; ph&ugrave; hợp với truyền thống của đất nước (Việt Nam l&agrave; đất nước ở phương Nam). Tương quan trong mối quan hệ giữa m&agrave;u sắc v&agrave; cung mệnh phong thủy:</p>\r\n\r\n<p style="text-align:justify">Mệnh Kim &ndash; Sơn nh&agrave; m&agrave;u v&agrave;ng.</p>\r\n\r\n<p style="text-align:justify">Mệnh Mộc &ndash; Sơn nh&agrave; m&agrave;u tối, m&agrave;u ghi.</p>\r\n\r\n<p style="text-align:justify">Mệnh Thủy &ndash; Sơn nh&agrave; m&agrave;u trắng, m&agrave;u s&aacute;ng nhẹ.</p>\r\n\r\n<p style="text-align:justify">Mệnh Hỏa &ndash; Sơn nh&agrave; m&agrave;u xanh, m&agrave;u m&aacute;t dịu.</p>\r\n\r\n<p style="text-align:justify">Mệnh Thổ &ndash; Sơn nh&agrave; m&agrave;u hồng, &aacute;nh đỏ,nồng ấm.</p>\r\n\r\n<p style="text-align:justify">Với những &yacute; nghĩa m&agrave;u sắc chia sẻ tr&ecirc;n, hy vọng sẽ đem lại cho bạn những lựa chọn ph&ugrave; hợp v&agrave; đ&uacute;ng đắn nhất.</p>\r\n\r\n<p style="text-align:right">Th&ugrave;y Dương / &Aacute; Đ&ocirc;ng</p>\r\n', 1, '2014-06-22 10:54:33', 1, 1);

-- --------------------------------------------------------

--
-- Table structure for table `ktv_product`
--

CREATE TABLE IF NOT EXISTS `ktv_product` (
  `id` int(11) NOT NULL AUTO_INCREMENT,
  `product_name` varchar(255) DEFAULT NULL,
  `fk_category` int(11) DEFAULT NULL,
  `investors` varchar(255) DEFAULT NULL,
  `unbuilt_area` varchar(50) DEFAULT NULL,
  `address` varchar(255) DEFAULT NULL,
  `content` text NOT NULL,
  `introduce` varchar(255) NOT NULL,
  `time_finish` varchar(100) DEFAULT NULL,
  `date_create` datetime DEFAULT NULL,
  `status` int(1) DEFAULT '1' COMMENT '0:delete',
  `sort` int(11) DEFAULT NULL,
  `view_count` int(11) DEFAULT '0' COMMENT '1:hot',
  PRIMARY KEY (`id`)
) ENGINE=InnoDB  DEFAULT CHARSET=utf8 AUTO_INCREMENT=100 ;

--
-- Dumping data for table `ktv_product`
--

INSERT INTO `ktv_product` (`id`, `product_name`, `fk_category`, `investors`, `unbuilt_area`, `address`, `content`, `introduce`, `time_finish`, `date_create`, `status`, `sort`, `view_count`) VALUES
(87, 'Test1', 14, 'Mr.A', '200', 'HCM', '<p>This is a test content</p>\r\n', 'Thi công bởi GrandDesignSaiGon trong 2 tháng', '2 month', '2014-05-26 06:12:19', 1, 11, 0),
(88, 'test2', 14, 'mr.b', '50', 'abc', '<p>Testing contents</p>\r\n', 'Thi công bởi GrandDesignSaiGon trong 2 tháng theo kiến trúc cổ điển Pháp. Không gian sáng mở với khoảng sân vườn rộng rãi', '3 months', '2014-05-27 04:15:25', 1, 21, 1),
(89, 'test3', 14, 'mr.b', '50', 'HCM', '<p>Kh&ocirc;ng gian mở với nhiều c&acirc;y cối, tiểu cảnh xung quanh ng&ocirc;i nh&agrave;. Nội thất tinh tế, sang trọng với hầu hết c&aacute;c chi tiết từ da.</p>\r\n\r\n<p>M&agrave;u sơn chủ đạo l&agrave; m&agrave;u trắng, &aacute;nh s&aacute;ng v&agrave;ng dịu tạo kh&ocirc;ng gian mở.</p>\r\n\r\n<p>Tiết kiệm tối đa diện t&iacute;ch sử dụng, hệ thống tủ &acirc;m tường được bố tr&iacute; th&ocirc;ng minh</p>\r\n\r\n<p>Hệ thống điện, nước được thiết kế tự động h&oacute;a cao, độ bền cam kết từ 20 năm trở l&ecirc;n</p>\r\n\r\n<p>Bảo h&agrave;nh l&acirc;u d&agrave;i, 2 năm.</p>\r\n', 'Thi công bởi GrandDesignSaiGon trong 2 tháng', '2 month', '2014-05-27 04:16:17', 1, 22, 2),
(90, 'test4', 17, 'mr.b', '50', 'HCM', '<p>Test content</p>\r\n', 'Thi công bởi GrandDesignSaiGon trong 2 tháng', '2 month', '2014-05-27 05:19:47', 1, 0, 0),
(91, 'test5', 3, 'mr.b', '50', 'HCM', '<p>Test 6</p>\r\n', 'Thi công bởi GrandDesignSaiGon trong 2 tháng', '2 month', '2014-05-27 05:20:07', 1, 0, 1),
(92, 'test7', 3, 'Mr.A', '50', 'HN', '<p>Test content</p>\r\n', 'Thi công bởi GrandDesignSaiGon trong 2 tháng', '3 months', '2014-05-27 05:20:33', 1, 0, 1),
(93, 'Test8', 17, 'Mr.C', '50', 'BP', '<p>Test content</p>\r\n', 'Thi công bởi GrandDesignSaiGon trong 2 tháng', '2 month', '2014-05-27 05:21:00', 1, 0, 14),
(94, 'test9', 3, 'Mr.D', '50', 'HN', '<p>Test content</p>\r\n', 'Thi công bởi GrandDesignSaiGon trong 2 tháng', '2 month', '2014-05-27 05:21:18', 1, 0, 0),
(95, 'test10', 17, 'Mr.D', '200', 'HCM', '<p>Test content</p>\r\n', 'Thi công bởi GrandDesignSaiGon trong 2 tháng', '2 month', '2014-05-27 05:21:40', 1, 0, 0),
(96, 'test11', 3, 'Mr.D', '50', 'HCM', '<p>Test content</p>\r\n', 'Thi công bởi GrandDesignSaiGon trong 2 tháng', '2 month', '2014-05-27 05:21:57', 1, 0, 0),
(97, 'test12', 17, 'mr.b', '50', 'HCM', '<p>Test content</p>\r\n', 'Thi công bởi GrandDesignSaiGon trong 2 tháng', '2 month', '2014-05-27 05:22:12', 1, 0, 0),
(98, 'Nhà anh Chương quận 9', 14, 'Anh Chương', '100m2', 'Khu dân cư Thăng Long, Quận 9', '<p>It is really strange, since the pure SQL works. I&#39;ve tried going to the code of the Update() function, then I just say <code>exit($sql)</code> and I can see that the SQL is ok, it runs properly under phpMyAdmin, except when I let update() run.</p>\r\n', 'Thi công bởi GrandDesignSaiGon trong 2 tháng', '3 tháng', '2014-06-14 11:51:45', 1, 0, 4),
(99, 'Nhà chị Quỳnh kiểu Ý', 5, 'Chị Quỳnh', '150m2', 'Dương Minh Châu, Tây Ninh', '<p>Nh&agrave; phong c&aacute;ch &Yacute;, nội thất sang trọng, s&acirc;n vườn rộng r&atilde;i, c&oacute; hồ bơi, tiểu cảnh...</p>\r\n', 'Nhà phong cách Ý, nội thất sang trọng, sân vườn rộng rãi, có hồ bơi, tiểu cảnh...', '5 tháng', '2014-06-15 13:46:36', 1, 0, 2);

-- --------------------------------------------------------

--
-- Table structure for table `ktv_product_image`
--

CREATE TABLE IF NOT EXISTS `ktv_product_image` (
  `id` int(11) NOT NULL AUTO_INCREMENT,
  `fk_product` int(11) DEFAULT NULL,
  `file_name` varchar(255) DEFAULT NULL,
  `description` varchar(255) DEFAULT NULL,
  `type` int(11) DEFAULT '0',
  PRIMARY KEY (`id`)
) ENGINE=InnoDB  DEFAULT CHARSET=utf8 AUTO_INCREMENT=60 ;

--
-- Dumping data for table `ktv_product_image`
--

INSERT INTO `ktv_product_image` (`id`, `fk_product`, `file_name`, `description`, `type`) VALUES
(6, 87, 'b3/18/65bb18b3.jpg', 'Ảnh 2x1', 21),
(7, 87, '5e/9d/869d9d5e.jpg', 'Ảnh 1x1', 11),
(8, 87, '8b/89/4d2d898b.jpg', 'Ảnh 2x2', 22),
(9, 88, '86/3b/548a3b86.jpg', '', 11),
(10, 88, '99/b5/dbdbb599.jpg', '', 21),
(11, 88, '51/fc/7dbcfc51.jpg', '', 22),
(12, 89, '64/d6/31b7d664.jpg', '', 11),
(13, 89, 'cc/63/883563cc.jpg', '', 21),
(14, 89, '4d/de/6924de4d.jpg', '', 22),
(15, 90, 'a5/f0/7147f0a5.jpg', '', 11),
(16, 90, 'b9/a0/58c0a0b9.jpg', '', 21),
(17, 90, 'bc/fc/913bfcbc.jpg', '', 22),
(18, 91, 'e7/30/0f8a30e7.jpg', '', 11),
(19, 91, '18/f3/f14cf318.jpg', '', 21),
(20, 91, 'df/24/5dc524df.jpg', '', 22),
(21, 92, '11/a6/f988a611.jpg', '', 11),
(22, 92, '4f/be/2250be4f.jpg', '', 21),
(23, 92, '23/1e/bb9b1e23.jpg', '', 22),
(24, 93, '16/ba/22ceba16.jpg', '', 11),
(25, 93, 'b2/68/36af68b2.jpg', '', 21),
(26, 93, '2d/21/d302212d.jpg', '', 22),
(27, 94, '75/a6/aab6a675.jpg', '', 11),
(28, 94, '9e/89/d9c7899e.jpg', '', 22),
(29, 94, '69/d4/781ed469.jpg', '', 21),
(30, 95, '84/18/3f3b1884.jpg', '', 11),
(31, 95, 'df/03/548003df.jpg', '', 22),
(32, 95, 'bc/76/043c76bc.jpg', '', 21),
(33, 96, '4f/67/5fa6674f.jpg', '', 11),
(34, 96, '09/d4/959bd409.jpg', '', 21),
(35, 96, '62/4d/aa6c4d62.jpg', '', 22),
(36, 97, '17/15/bdcf1517.jpg', '', 11),
(37, 97, 'bc/91/a26791bc.jpg', '', 21),
(38, 97, '02/86/7a4e8602.jpg', '', 22),
(51, 89, '52/dc/d834dc52.png', 'Ngoại cảnh', 0),
(52, 89, 'd4/80/aa4c80d4.png', 'Nội Thất', 0),
(54, 98, '10/a8/8aefa810.jpg', '', 11),
(55, 98, 'f5/f4/8282f4f5.jpg', '', 21),
(56, 98, '96/c7/d912c796.jpg', '', 22),
(57, 99, '67/a5/9d24a567.jpg', '', 11),
(58, 99, '00/fa/0d7bfa00.jpg', '', 21),
(59, 99, '6a/fb/7512fb6a.jpg', '', 22);

-- --------------------------------------------------------

--
-- Table structure for table `ktv_promotion`
--

CREATE TABLE IF NOT EXISTS `ktv_promotion` (
  `id` int(11) NOT NULL AUTO_INCREMENT,
  `name` varchar(255) COLLATE utf8_unicode_ci NOT NULL,
  `content` longtext COLLATE utf8_unicode_ci NOT NULL,
  `order` int(11) NOT NULL,
  `available` tinyint(1) NOT NULL,
  `status` int(1) NOT NULL DEFAULT '1' COMMENT '0: deleted',
  PRIMARY KEY (`id`),
  UNIQUE KEY `id` (`id`)
) ENGINE=InnoDB  DEFAULT CHARSET=utf8 COLLATE=utf8_unicode_ci AUTO_INCREMENT=3 ;

--
-- Dumping data for table `ktv_promotion`
--

INSERT INTO `ktv_promotion` (`id`, `name`, `content`, `order`, `available`, `status`) VALUES
(1, 'Ten khuyen mai', '<p>Noi dung khuyen mai</p>\n\n<table border="1" cellpadding="1" cellspacing="1" style="width:500px">\n	<tbody>\n		<tr>\n			<td>Ten San pham</td>\n			<td>Gia</td>\n		</tr>\n		<tr>\n			<td>Ghe sofa</td>\n			<td>10M</td>\n		</tr>\n		<tr>\n			<td>Ban</td>\n			<td>15M</td>\n		</tr>\n	</tbody>\n</table>\n\n<p>&nbsp;</p>\n', 10, 1, 1),
(2, 'khuyen mai 3', '<p>khuyen mai 3</p>\r\n', 12, 1, 1);

-- --------------------------------------------------------

--
-- Table structure for table `ktv_recruitment`
--

CREATE TABLE IF NOT EXISTS `ktv_recruitment` (
  `id` int(11) NOT NULL AUTO_INCREMENT,
  `title` varchar(255) NOT NULL,
  `summary` longtext NOT NULL,
  `content` longtext NOT NULL,
  `visible` tinyint(1) NOT NULL,
  `postdate` date NOT NULL,
  `deadline` varchar(20) NOT NULL COMMENT '0: deleted',
  PRIMARY KEY (`id`)
) ENGINE=InnoDB  DEFAULT CHARSET=utf8 AUTO_INCREMENT=2 ;

--
-- Dumping data for table `ktv_recruitment`
--

INSERT INTO `ktv_recruitment` (`id`, `title`, `summary`, `content`, `visible`, `postdate`, `deadline`) VALUES
(1, 'Tuyển 50 designer', 'Tuyển 50 designer làm việc tại HCM', '<p>Hiện đang cần tuyển designer l&agrave;m việc tại HCM</p>\r\n\r\n<p>Lương từ 1k đến 2k/th&aacute;ng<br />\r\n&nbsp;</p>\r\n', 1, '2014-05-01', '1');

-- --------------------------------------------------------

--
-- Table structure for table `ktv_service`
--

CREATE TABLE IF NOT EXISTS `ktv_service` (
  `id` int(11) NOT NULL AUTO_INCREMENT,
  `name` varchar(100) CHARACTER SET utf8 DEFAULT NULL,
  `image` varchar(200) COLLATE utf8_bin DEFAULT NULL,
  `sortcontent` longtext COLLATE utf8_bin,
  `description` longtext CHARACTER SET utf8,
  `sort` int(11) DEFAULT NULL,
  `date_create` int(11) DEFAULT NULL,
  `status` int(1) DEFAULT '1',
  PRIMARY KEY (`id`)
) ENGINE=InnoDB  DEFAULT CHARSET=utf8 COLLATE=utf8_bin AUTO_INCREMENT=5 ;

--
-- Dumping data for table `ktv_service`
--

INSERT INTO `ktv_service` (`id`, `name`, `image`, `sortcontent`, `description`, `sort`, `date_create`, `status`) VALUES
(1, 'Giang hồ hiểm độc', '55/c4/2201c455.jpg', 0xe2809c5468e1babf206769e1bb9b69206769616e672068e1bb93206e68e1baab6e2074c3a26d2076c3a0206869e1bb836d20c491e1bb99632c2068c3b46d206e6179206cc3a02062e1baa16e206e68c6b06e67206e67c3a079206d616920c491c3a3206cc3a0207468c3b9e2809d2e, '<div class="baiviet-TopContent200">\r\n	&ldquo;Thế giới giang hồ nhẫn t&acirc;m v&agrave; hiểm độc, h&ocirc;m nay l&agrave; bạn nhưng ng&agrave;y mai đ&atilde; l&agrave; th&ugrave;&rdquo;.\r\n	<div class="cap2-boxtop-note">\r\n		<div class="bl">\r\n			<div class="br">\r\n				<div class="tl">\r\n					<div class="tr">\r\n						<p>\r\n							<a href="http://www.24h.com.vn/an-ninh-hinh-su-c51.html">An ninh</a> <a href="http://www.24h.com.vn/an-ninh-hinh-su-c51.html">h&igrave;nh sự</a> cập nhật li&ecirc;n tục tất cả c&aacute;c ng&agrave;y trong tuần</p>\r\n					</div>\r\n				</div>\r\n			</div>\r\n		</div>\r\n	</div>\r\n</div>\r\n<div class="text-conent">\r\n	<div>\r\n		<p>\r\n			Nguyễn Văn Tuấn tức Tuấn &ldquo;bạc&rdquo;, một t&ecirc;n giang hồ chuy&ecirc;n sống bằng cờ bạc v&agrave; cho vay l&atilde;i tr&ecirc;n đất H&agrave; th&agrave;nh đ&atilde; phải thốt l&ecirc;n như vậy khi kể về cuộc sống của một kẻ giang hồ như hắn.</p>\r\n		<p>\r\n			Nạn nh&acirc;n của vụ &quot;đ&aacute;nh ghen&quot; n&agrave;y l&agrave; anh Nguyễn Th&agrave;nh Lu&acirc;n, ở quận Cầu Giấy, H&agrave; Nội. Theo tường tr&igrave;nh của anh Lu&acirc;n th&igrave; ng&agrave;y 12/3, một người bạn t&ecirc;n Tuấn gọi điện thoại rủ đi ch&ugrave;a Hương. Tuấn hẹn anh Lu&acirc;n đến nh&agrave; nghỉ 131 Th&aacute;i H&agrave; để c&ugrave;ng đi. Khi anh Lu&acirc;n đến nh&agrave; nghỉ n&agrave;y, một phụ nữ tự xưng l&agrave; em của Tuấn bảo anh Lu&acirc;n l&ecirc;n ph&ograve;ng 101 để đợi. Khi v&agrave;o ph&ograve;ng, đ&atilde; c&oacute; một c&ocirc; g&aacute;i ở trong đ&oacute; từ trước. Sau đ&oacute; c&ocirc; g&aacute;i đi v&agrave;o nh&agrave; vệ sinh c&ograve;n anh Lu&acirc;n l&ecirc;n giường đắp chăn đợi anh Tuấn về.</p>\r\n		<p>\r\n			Khoảng v&agrave;i ph&uacute;t sau, b&ecirc;n ngo&agrave;i c&oacute; tiếng g&otilde; cửa. C&ocirc; g&aacute;i n&agrave;y ra mở th&igrave; c&oacute; 4 thanh ni&ecirc;n h&ugrave;ng hổ lao v&agrave;o lớn tiếng n&oacute;i: &quot;M&agrave;y d&aacute;m cặp k&egrave; với vợ tao&quot;. Mặc cho anh Lu&acirc;n ph&acirc;n trần, c&aacute;c đối tượng đấm đ&aacute; anh Lu&acirc;n rồi lấy đi 2 chiếc điện thoại di động, v&iacute; tiền, m&aacute;y t&iacute;nh bảng Ipad... Cả bọn c&ograve;n bắt anh Lu&acirc;n xuống đứng một g&oacute;c ở tầng 1 của nh&agrave; nghỉ trước khi c&aacute;c đối tượng bỏ chạy. Qu&aacute; hoảng sợ, anh Lu&acirc;n kh&ocirc;ng d&aacute;m đuổi theo v&agrave; chỉ lao ra đường cầu cứu khi nh&igrave;n thấy một chiếc xe tuần tra của C&ocirc;ng an phường đi qua.</p>\r\n		<p>\r\n			Qua điều tra đến ng&agrave;y 28/3, C&ocirc;ng an quận Đống Đa đ&atilde; bắt giữ 4 đối tượng g&acirc;y ra vụ cướp t&agrave;i sản trắng trợn tr&ecirc;n gồm Nguyễn Văn Tuấn (30 tuổi) ở Gia L&acirc;m, H&agrave; Nội; Vũ Ch&iacute; C&ocirc;ng (25 tuổi) tr&uacute; tại phường T&acirc;n Phong, thị x&atilde; Lai Ch&acirc;u, Lai Ch&acirc;u; Trần Hồng Ph&uacute; (20 tuổi) v&agrave; Nguyễn Xu&acirc;n Tuấn (21 tuổi) ở Xu&acirc;n Trường, Nam Định.</p>\r\n		<p>\r\n			Theo khai nhận của c&aacute;c đối tượng th&igrave; c&ocirc; g&aacute;i trong m&agrave;n kịch &quot;đ&aacute;nh ghen&quot; tr&ecirc;n l&agrave; Hồng Anh, 30 tuổi, người Hải Ph&ograve;ng, l&agrave; người &quot;quen biết ngo&agrave;i x&atilde; hội&quot;. Trước đ&oacute;, Hồng Anh nhắn tin nhờ Nguyễn Văn Tuấn đi đ&ograve;i nợ gi&uacute;p. Địa điểm l&agrave; nh&agrave; nghỉ 131 Th&aacute;i H&agrave;. Để c&oacute; cớ đ&ograve;i nợ th&igrave; Hồng Anh thống nhất với Tuấn dựng l&ecirc;n vụ đ&aacute;nh ghen tr&ecirc;n. Sau đ&oacute;, Hồng Anh &quot;b&ugrave;ng&quot; mất, kh&ocirc;ng quay lại để ăn chia số t&agrave;i sản cướp được.</p>\r\n		<p>\r\n			Nguyễn Văn Tuấn, tức Tuấn &quot;bạc&quot;, kẻ cầm đầu nh&oacute;m cướp tr&ecirc;n tự nhận m&igrave;nh l&agrave; một giang hồ ch&iacute;nh hiệu chuy&ecirc;n sống bằng cờ bạc v&agrave; cho vay l&atilde;i. Tuấn &quot;bạc&quot; tự nhận trong giới cho vay l&atilde;i th&igrave; hắn chỉ l&agrave;m ăn c&ograve; con. Ban đầu, dưới trướng Tuấn c&oacute; khoảng 30 qu&acirc;n, được thu nhặt trong &quot;x&atilde; hội&quot;, l&agrave; những kẻ ngoại tỉnh lang thang. Đối tượng m&agrave; Tuấn &quot;bạc&quot; nhắm tới cho vay tiền l&agrave; &quot;ca ve&quot; ở khu vực Nguyễn Ch&iacute; Thanh v&agrave; Nguyễn Kh&aacute;nh To&agrave;n, nơi c&oacute; nhiều qu&aacute;n karaoke, m&agrave; theo Tuấn &quot;bạc&quot;, đ&oacute; l&agrave; những &quot;ổ g&aacute;i&quot; ở H&agrave; Nội.</p>\r\n		<p>\r\n			Theo giải th&iacute;ch của Tuấn &quot;bạc&quot; th&igrave; cho &quot;cave&quot; vay tiền sẽ an to&agrave;n v&igrave; bọn n&agrave;y ng&agrave;y n&agrave;o cũng c&oacute; tiền để trả nợ. Để tr&aacute;nh những vụ x&ugrave; nợ lớn th&igrave; số tiền cho vay kh&ocirc;ng qu&aacute; 10 triệu đồng, thu l&atilde;i theo ng&agrave;y. V&igrave; vậy, Tuấn tổ chức một đội qu&acirc;n chuy&ecirc;n đi thu nợ h&agrave;ng ng&agrave;y cho m&igrave;nh. Mỗi t&ecirc;n đ&agrave;n em sẽ &quot;quản l&yacute;&quot; một số con nợ nhất định. Nhiệm vụ của ch&uacute;ng l&agrave; gi&aacute;m s&aacute;t con nợ xem họ ở đ&acirc;u, đi l&agrave;m tại qu&aacute;n n&agrave;o v&agrave; cuối ng&agrave;y th&igrave; li&ecirc;n lạc với con nợ để thu tiền.</p>\r\n		<p>\r\n			&quot;V&iacute; dụ &quot;b&aacute;t&quot; 30 ng&agrave;y, vay 5 triệu th&igrave; mỗi ng&agrave;y phải đ&oacute;ng 200.000 đồng gồm cả gốc v&agrave; l&atilde;i, ng&agrave;y n&agrave;o cũng thu. Với &quot;g&aacute;i&quot; th&igrave; chừng ấy tiền l&agrave; trả được&quot; - Tuấn &quot;bạc&quot; giải th&iacute;ch. Bọn &quot;g&aacute;i&quot; vay tiền chỉ cần đặt lại CMND, c&ograve;n với đ&agrave;n &ocirc;ng th&igrave; muốn vay phải &quot;cầm đồ&quot;, tức l&agrave; đặt lại t&agrave;i sản như xe m&aacute;y, điện thoại, m&aacute;y vi t&iacute;nh&hellip; Những thứ t&agrave;i sản n&agrave;y đương nhi&ecirc;n l&agrave; kh&ocirc;ng c&oacute; giấy tờ.</p>\r\n		<p>\r\n			Nguy&ecirc;n tắc kh&ocirc;ng được quan hệ th&acirc;n thiết với kh&aacute;ch vay, kh&ocirc;ng tạo sự th&acirc;n thiện v&igrave; như vậy sẽ rất kh&oacute; đ&ograve;i. N&ecirc;n kh&aacute;ch vay kh&ocirc;ng được ph&eacute;p đến chỗ ch&uacute;ng ở. Cần vay tiền đ&atilde; c&oacute; người mang đến hoặc hẹn ra chỗ n&agrave;o đ&oacute;. Đ&oacute; l&agrave; những quy định bất th&agrave;nh văn của giới hoạt động &quot;t&iacute;n dụng đen&quot; như Tuấn đặt ra đối với bọn đ&agrave;n em.</p>\r\n		<p style="text-align: center;">\r\n			<img alt="Giang hồ hiểm độc, An ninh - Hình sự, giang ho hiem doc, giang ho, doi no thue, chem nhau, hon chien, bao, bao cong an, bao an ninh" class="news-image" src="http://img-hcm.24hstatic.com:8008/upload/2-2012/images/2012-04-07/1333802993-vu-an.jpg" /></p>\r\n		<p style="text-align: center;">\r\n			<font style="color: rgb(0, 0, 255);"><em>C&aacute;c đối tượng trong nh&oacute;m cướp bị bắt giữ c&ugrave;ng tang vật.</em></font></p>\r\n		<p>\r\n			Tuấn &ldquo;bạc&rdquo; bảo rằng, giang hồ ph&acirc;n chia l&atilde;nh địa hoạt động ri&ecirc;ng. Địa b&agrave;n m&agrave; hắn được ph&eacute;p l&agrave;m ăn l&agrave; khu Cầu Giấy, Từ Li&ecirc;m, t&iacute;nh đến hết ch&acirc;n cầu Thăng Long. Nếu x&acirc;m phạm sang l&atilde;nh địa của người kh&aacute;c sẽ ăn đ&ograve;n ngay. Những vụ d&ugrave;ng s&uacute;ng hoa cải, dao kiếm&hellip; d&agrave;n trận đ&aacute;nh nhau tại cổng khu đ&ocirc; thị Ciputra hay ch&acirc;n cầu Thăng Long xảy ra li&ecirc;n tiếp trong thời gian qua, theo Tuấn &quot;bạc&quot; ch&iacute;nh l&agrave; hậu quả của việc tranh gi&agrave;nh đất l&agrave;m ăn giữa c&aacute;c băng nh&oacute;m giang hồ.</p>\r\n		<p>\r\n			Theo Tuấn &quot;bạc&quot; th&igrave; đệ nhất giang hồ H&agrave; Nội hiện nay vẫn l&agrave; S. &quot;bạch tạng&quot;, nổi tiếng một thời c&ugrave;ng c&aacute;c &quot;đại ca&quot; giang hồ kh&aacute;c như Năm Cam, Dung H&agrave;&hellip; Thứ đến l&agrave; S. &ldquo;trại nh&atilde;n&rdquo; chuy&ecirc;n &quot;l&agrave;m đất&quot; nghĩa l&agrave; hoạt động bảo k&ecirc;, đ&aacute;nh chiếm đất c&ocirc;ng. Tuấn &quot;bạc&quot; bảo rằng l&agrave;m ăn trong lĩnh vực n&agrave;y l&agrave; l&atilde;i nhất nhưng kh&ocirc;ng phải kẻ giang hồ n&agrave;o cũng l&agrave;m được.</p>\r\n		<p>\r\n			Thủ đoạn của những kẻ &quot;l&agrave;m đất&quot; l&agrave; nhắm một mảnh đất c&ocirc;ng, đất kẹt, d&ugrave;ng c&ocirc;n đồ v&aacute;c dao kiếm đến để uy hiếp, đe dọa những người sống xung quanh mảnh đất đ&oacute;. Đầu ti&ecirc;n l&agrave; dựng lều l&aacute;n ở tạm, sau đ&oacute; chỉ trong một đ&ecirc;m, ch&uacute;ng cấp tập x&acirc;y dựng một ng&ocirc;i nh&agrave; cấp bốn tr&ecirc;n mảnh đất lấn chiếm. Rồi hợp ph&aacute;p th&agrave;nh nh&agrave; ở để b&aacute;n. Đương nhi&ecirc;n những phi vụ chiếm đất n&agrave;y phải c&oacute; sự tham gia của những c&aacute;n bộ tho&aacute;i h&oacute;a của ch&iacute;nh quyền địa phương khi biến đất c&ocirc;ng th&agrave;nh đất ở n&agrave;y. Tỉ lệ ăn chia khoảng 50/50. C&aacute;c vụ nh&agrave; đất to ở H&agrave; Nội, hầu hết đều c&oacute; b&agrave;n tay của S. &ldquo;trại nh&atilde;n&rdquo;.</p>\r\n		<p>\r\n			Cũng theo tiết lộ của Tuấn &quot;bạc&quot; th&igrave; thủ đoạn bẫy giới trẻ v&agrave;o con đường cờ bạc rồi quay sang xiết nợ của giang hồ hoạt động trong lĩnh vực &quot;t&iacute;n dụng đen&quot; hiện nay ở H&agrave; Nội kh&aacute; phổ biến. Thủ đoạn của ch&uacute;ng l&agrave; chọn mặt những &quot;qu&yacute; tử&quot; con nh&agrave; kh&aacute; giả, c&oacute; tiền, c&oacute; t&agrave;i sản như nh&agrave; đất, sau đ&oacute; rủ r&ecirc; v&agrave;o cờ bạc.</p>\r\n		<p>\r\n			Ban đầu, ch&uacute;ng chỉ cho vay số tiền nhỏ, khoảng 5-10 triệu đồng. Người trong sới bạc l&agrave; &quot;nội gi&aacute;n&quot;, nghĩa l&agrave; người của bọn ch&uacute;ng bố tr&iacute; hết. L&uacute;c đầu thả cho con bạc tr&uacute;ng khoảng v&agrave;i chục triệu. Khi đ&atilde; cắn c&acirc;u, ch&uacute;ng sẽ cho con bạc thua hết sạch số tiền n&agrave;y rồi tiếp tục bơm tiền cho chơi. Đến một ngưỡng n&agrave;o đ&oacute; th&igrave; &eacute;p viết giấy vay nợ với số tiền rất lớn, t&iacute;nh cả l&atilde;i. Khi kh&ocirc;ng c&oacute; khả năng trả nợ th&igrave; quay sang đ&ograve;i bố mẹ, bắt phải b&aacute;n nh&agrave;; hoặc bắt con nợ phải mang sổ đỏ đến nộp cho ch&uacute;ng rồi hướng dẫn l&agrave;m c&aacute;c thủ tục cầm cố, sang t&ecirc;n nh&agrave; đất một c&aacute;ch hợp ph&aacute;p. Rất nhiều con nợ bị xiết nh&agrave;, mất nh&agrave; kiểu n&agrave;y m&agrave; kh&ocirc;ng d&aacute;m k&ecirc;u ai.</p>\r\n		<p>\r\n			Con đường dấn th&acirc;n v&agrave;o chốn giang hồ của Tuấn &quot;bạc&quot; từ năm 14 tuổi. Kh&ocirc;ng chịu học h&agrave;nh, chuy&ecirc;n đ&aacute;nh nhau, bị đuổi học, Tuấn &quot;bạc&quot; đi phụ xe kh&aacute;ch c&ugrave;ng anh rể. Năm 21 tuổi, do tranh kh&aacute;ch n&ecirc;n hắn bị đối thủ d&ugrave;ng dao đ&acirc;m một nh&aacute;t ch&iacute; mạng thủng gan, may m&agrave; sống s&oacute;t.</p>\r\n		<p>\r\n			Từ đ&oacute;, Tuấn bỏ nh&agrave; sống lang thang, bắt đầu con đường giang hồ bằng nghề cờ bạc. Đầu ti&ecirc;n l&agrave; &quot;l&agrave;m b&oacute;ng&quot;. C&oacute; thời gian, hắn tr&uacute;ng rất nhiều, mua được nh&agrave; tiền tỉ. Nhưng rồi cũng mất sạch khi hắn tham lam, kh&ocirc;ng &quot;cầm b&oacute;ng&quot; m&agrave; lại &quot;chơi b&oacute;ng&quot;. Thế l&agrave; hắn chuyển sang cho vay l&atilde;i.</p>\r\n		<p>\r\n			C&aacute;i t&ecirc;n Tuấn &quot;bạc&quot;, theo giải th&iacute;ch của hắn l&agrave; do những năm th&aacute;ng chuy&ecirc;n sống bằng &quot;nghề&quot; cờ bạc, v&agrave; sở th&iacute;ch của hắn l&agrave; nhuộm t&oacute;c m&agrave;u bạc. Kiếm h&agrave;ng trăm triệu đồng mỗi ng&agrave;y bằng cờ bạc, theo hắn l&agrave; chuyện b&igrave;nh thường. Hắn bảo thường ngồi xới bạc của những đ&agrave;n anh trong x&atilde; hội. &quot;Tiền họ kiếm được cũng kh&ocirc;ng phải tiền sạch n&ecirc;n khi thua h&agrave;ng trăm triệu cũng thấy b&igrave;nh thường&quot; - Tuấn &quot;bạc&quot; kết luận.</p>\r\n		<p>\r\n			Khi bị bắt giữ, Tuấn &quot;bạc&quot; t&acirc;m sự rằng, hắn rất mệt mỏi sau hơn chục năm l&agrave;m giang hồ. &quot;Khi n&oacute; cần đến m&igrave;nh th&igrave; n&oacute; rất tốt. H&ocirc;m nay n&oacute; c&oacute; thể c&ugrave;ng m&igrave;nh đi đ&aacute;nh nhau nhưng ng&agrave;y mai n&oacute; c&oacute; thể quay lại đ&aacute;nh giết m&igrave;nh lu&ocirc;n. N&oacute;i l&agrave; giang hồ nhưng khi động đến quyền lợi của nhau, l&atilde;nh địa của nhau l&agrave; chiến hết, thịt hết chứ chẳng c&oacute; t&igrave;nh nghĩa g&igrave;. Nhiều khi chỉ l&agrave; bằng mặt nhưng kh&ocirc;ng bằng l&ograve;ng, chẳng qua l&agrave; nể nhau, kh&ocirc;ng &quot;ăn&quot; được nhau th&ocirc;i&quot; - Đ&oacute; ch&iacute;nh l&agrave; c&aacute;ch h&agrave;nh xử với nhau của giới giang hồ m&agrave; Tuấn &quot;bạc&quot; cay đắng nhận ra.</p>\r\n		<p>\r\n			Tuấn &quot;bạc&quot; kể khi ngồi xới bạc, d&ugrave; kh&ocirc;ng th&iacute;ch nhưng hắn vẫn phải &quot;đập đ&aacute;&quot; c&ugrave;ng mọi người để thể hiện bản lĩnh v&agrave; khẳng định &quot;c&ugrave;ng chung ch&iacute; hướng&quot;. V&agrave; rồi hắn cũng phải d&ugrave;ng h&agrave;ng &quot;đ&aacute;&quot; để thưởng cho đ&agrave;n em của hắn, cũng l&agrave; c&aacute;ch r&agrave;ng buộc để ch&uacute;ng kh&ocirc;ng thể tho&aacute;t khỏi con đường giang hồ khi đ&atilde; tr&oacute;t sa ch&acirc;n. Ma t&uacute;y, những cuộc chơi th&aacute;c loạn&hellip; sau đ&oacute; l&agrave; điều khiển tay ch&acirc;n phải đi l&agrave;m việc cho ch&uacute;ng như đ&acirc;m ch&eacute;m người, đ&ograve;i nợ, xiết nợ v&agrave; cướp t&agrave;i sản như vụ d&agrave;n kịch đ&aacute;nh ghen như tr&ecirc;n. Đ&oacute; l&agrave; những cuộc chơi &quot;mất người&quot; m&agrave; sau n&agrave;y, hắn ngộ ra nhưng đ&atilde; qu&aacute; muộn.</p>\r\n		<p>\r\n			Một khi tay đ&atilde; nh&uacute;ng ch&agrave;m th&igrave; kh&oacute; r&uacute;t ra được. Tuấn &quot;bạc&quot; t&acirc;m sự rằng, nhiều l&uacute;c, nghĩ đến bố mẹ, gia đ&igrave;nh v&agrave; nhất l&agrave; đứa con thơ, hắn muốn từ bỏ thế giới giang hồ để quay về cuộc sống b&igrave;nh thường. Nhưng h&igrave;nh như l&agrave;m người lương thiện với một kẻ giang hồ kh&oacute; qu&aacute;. &quot;Nhiều l&uacute;c em muốn dừng lại. Đ&oacute; l&agrave; l&uacute;c nghĩ đến bố mẹ, con c&aacute;i. Muốn dừng lại nhưng c&ocirc;ng việc kh&ocirc;ng cho m&igrave;nh dừng. Dấn th&acirc;n v&agrave;o chốn giang hồ, nhiều l&uacute;c cũng đau đầu, mệt mỏi lắm, l&uacute;c n&agrave;o cũng chỉ lo nghĩ về tiền, rồi r&agrave;ng buộc bởi c&aacute;c mối quan hệ m&agrave; c&oacute; cả tiền nằm trong đ&oacute;&quot; - Tuấn &quot;bạc&quot; đ&atilde; khai như vậy.</p>\r\n		<p>\r\n			Trong cuốn sổ tay, vừa l&agrave; sổ ghi nợ, vừa l&agrave; &quot;sổ thơ&quot; của kẻ giang hồ c&oacute; t&ecirc;n Tuấn &quot;bạc&quot; n&agrave;y m&agrave; Cơ quan C&ocirc;ng an thu giữ, l&agrave; những d&ograve;ng t&acirc;m sự đau đớn, những giờ ph&uacute;t đấu tranh tư tưởng của một kẻ giang hồ muốn l&agrave;m lại cuộc đời. Trước khi bị bắt, đ&atilde; c&oacute; l&uacute;c Tuấn &quot;bạc&quot; ngộ ra rằng: &quot;Đ&atilde; đến l&uacute;c bu&ocirc;ng tất cả/ Thế giới giang hồ đầy rẫy cạm bẫy/ V&agrave; những nguy hiểm kh&ocirc;n lường/ Giờ dừng tay vẫn c&ograve;n chưa qu&aacute; muộn. Khi ph&aacute;p luật chưa sờ tới/ V&agrave; cho ta v&agrave;o v&ograve;ng tr&ograve;n c&ocirc;ng l&yacute;/ H&atilde;y vứt bỏ tất cả đi/ Khi vẫn c&ograve;n niềm tin v&agrave; hy vọng/ Tương lai vẫn c&ograve;n s&aacute;ng ngời&hellip;&quot;.</p>\r\n		<p>\r\n			Trước khi v&agrave;o nh&agrave; tạm giữ C&ocirc;ng an quận Đống Đa, Tuấn &quot;bạc&quot; nuối tiếc n&oacute;i rằng, nếu được l&agrave;m lại, hắn sẽ chọn một nghề tử tế để kiếm sống, bởi thế giới giang hồ hiểm độc đ&atilde; khiến hắn đ&aacute;nh mất m&igrave;nh, v&agrave; đ&aacute;nh mất m&aacute;i ấm gia đ&igrave;nh m&agrave; hắn đ&atilde; từng c&oacute;</p>\r\n	</div>\r\n</div>\r\n<p>\r\n	&nbsp;</p>\r\n', 1, 1333847152, 1),
(2, 'Rolls-Royce Phantom Coupe in hình đầu ngựa', '', 0x48c3a36e67207369c3aa752073616e6720416e68207175e1bb9163207469e1babf74206ce1bb992062e1baa36e20c491e1bab763206269e1bb8774206368e1bb892063c3b3206de1bb997420636869e1babf6320647579206e68e1baa5742063e1bba761205068616e746f6d20436f7570652e20586520c491c6b0e1bba3632062c3a16e20e1bb9f2043c3a163207469e1bb83752076c6b0c6a16e67207175e1bb91632041726162207468e1bb916e67206e68e1baa5742076e1bb9b692068c3ac6e6820c491e1baa775206e67e1bbb16120696e207472c3aa6e2074e1bbb16120c491e1baa775206768e1babf206e67e1bb93692e, '<h2 class="Lead">\r\n	H&atilde;ng si&ecirc;u sang Anh quốc tiết lộ bản đặc biệt chỉ c&oacute; một chiếc duy nhất của Phantom Coupe. Xe được b&aacute;n ở C&aacute;c tiểu vương quốc Arab thống nhất với h&igrave;nh đầu ngựa in tr&ecirc;n tựa đầu ghế ngồi.</h2>\r\n<p class="Normal">\r\n	Phantom Coupe phi&ecirc;n bản độc nhất c&oacute; nội thất đặc biệt với ngoại thất c&oacute; họa tiết nhấn nh&aacute;. Xe được đặt t&ecirc;n Mirage, theo t&ecirc;n ch&uacute; ngựa từng được vua Faisal của Iraq mua lại từ bộ lạc Sebaa v&agrave;o những năm đầu thế kỷ 20, sau đ&oacute; thuộc về Lady Wentworth ở Anh rồi Roger Selby ở Mỹ.</p>\r\n<p class="Normal">\r\n	Mirage l&agrave; nh&agrave; v&ocirc; địch ở cả hai quốc gia, khi chiến thắng ở Richmond Royal Show năm 1926 v&agrave; trở th&agrave;nh American Champion tại Natiolan Arabian Show tại Nashville năm 1934. Được sử dụng l&agrave;m ngựa giống suốt những năm 20 v&agrave; 30 của thế kỷ trước, d&ograve;ng m&aacute;u của Mirage hiện vẫn chảy trong nhiều giống ngựa Arab ng&agrave;y nay.</p>\r\n', 2, 1333854414, 1),
(3, 'Người ''trắng án'' sau 2 lần bị tuyên tử hình lại ra tòa', NULL, '', '<h2 class="Lead">\r\n	Vẫn mặc chiếc &aacute;o thun trắng của những lần ra to&agrave; trước, s&aacute;ng nay, L&ecirc; B&aacute; Mai tỏ ra b&igrave;nh thản khi được đưa đến ph&ograve;ng xử. Gần 10 năm sau khi vụ &aacute;n xảy ra v&agrave; cũng từng ấy lần hầu to&agrave;, số phận ph&aacute;p l&yacute; của bị c&aacute;o vẫn chưa được định đoạt.</h2>\r\n<div class="reference_news">\r\n	<a class="Lead" href="http://vnexpress.net/tin-tuc/phap-luat/hoan-xu-phuc-tham-nguoi-hai-lan-bi-tuyen-an-tu-hi-nh-2744629.html">Ho&atilde;n xử ph&uacute;c thẩm người hai lần bị tuy&ecirc;n &aacute;n tử hình</a><br />\r\n	<a class="Lead" href="http://vnexpress.net/tin-tuc/phap-luat/nguoi-trang-an-bi-tuyen-tu-chung-than-2409671.html">Người &#39;trắng &aacute;n&#39; bị tuy&ecirc;n t&ugrave; chung th&acirc;n</a></div>\r\n<p class="Normal">\r\n	Ng&agrave;y 30/8, T&ograve;a Ph&uacute;c thẩm TAND Tối cao tại TP HCM đưa ra x&eacute;t xử ph&uacute;c thẩm lần 3 đối với bị c&aacute;o L&ecirc; B&aacute; Mai (31 tuổi, ngụ tại B&igrave;nh Phước) về c&aacute;c tội Giết người v&agrave; Hiếp d&acirc;m trẻ em. Trong lần xử gần đ&acirc;y, Mai bị tuy&ecirc;n &aacute;n chung th&acirc;n cho cả 2 tội nhưng lại bị VKS kh&aacute;ng nghị theo hướng tăng h&igrave;nh phạt l&ecirc;n tử h&igrave;nh.</p>\r\n<p>\r\n	Từ s&aacute;ng sớm, bố mẹ bị c&aacute;o đ&atilde; c&oacute; mặt với nhiều lo lắng. C&ograve;n bố mẹ nạn nh&acirc;n, vợ chồng &ocirc;ng Điểu Cẩn - vẫn d&aacute;ng vẻ khắc khổ, lầm lũi bước v&agrave;o ph&ograve;ng xử. Một số nh&acirc;n chứng được triệu tập cũng đến trễ n&ecirc;n phi&ecirc;n t&ograve;a diễn ra muộn hơn thường lệ.</p>\r\n<p>\r\n	B&agrave; Nguyễn Thị Ho&agrave;i Thu - nguy&ecirc;n Ủy vi&ecirc;n ban chấp h&agrave;nh Trung ương Đảng, nguy&ecirc;n Chủ nhiệm Ủy ban C&aacute;c vấn đề x&atilde; hội của Quốc hội cũng c&oacute; mặt từ sớm để dự phi&ecirc;n xử.</p>\r\n<table align="center" border="0" cellpadding="3" cellspacing="0" class="tplCaption" width="1">\r\n	<tbody>\r\n		<tr>\r\n			<td>\r\n				<img alt="le-ba-mai-2-1377828972.jpg" src="http://m.f29.img.vnecdn.net/2013/08/30/le-ba-mai-2-1377828972.jpg" width="400" /></td>\r\n		</tr>\r\n		<tr>\r\n			<td class="Image">\r\n				Vẫn trong chiếc &aacute;o thun trắng cổ xanh như những lần ra to&agrave; trước, Mai tỏ ra b&igrave;nh tĩnh d&ugrave; đang bị VKS đề nghị tăng &aacute;n l&ecirc;n tử h&igrave;nh. Ảnh: <em>Hải Duy&ecirc;n.</em></td>\r\n		</tr>\r\n	</tbody>\r\n</table>\r\n<p>\r\n	T&iacute;nh từ thời điểm xảy ra cho đến nay, vụ &aacute;n đ&atilde; k&eacute;o d&agrave;i gần 10 năm với tổng cộng 3 phi&ecirc;n xử sơ thẩm, 3 phi&ecirc;n ph&uacute;c thẩm v&agrave; nhiều lần kh&aacute;ng nghị, gi&aacute;m đốc thẩm, hủy &aacute;n trả hồ sơ điều tra lại.&nbsp;</p>\r\n<p>\r\n	Cho rằng vụ &aacute;n c&oacute; nhiều vi phạm tố tụng, k&eacute;o d&agrave;i qu&aacute; l&acirc;u g&acirc;y l&atilde;ng ph&iacute; tiền cho x&atilde; hội, hồi giữa th&aacute;ng 5, b&agrave; Thu đ&atilde; c&oacute; buổi đi thực nghiệm hiện trường nơi xảy ra vụ &aacute;n c&ugrave;ng với luật sư Huỳnh Thế T&acirc;n (luật sư mới được gia đ&igrave;nh L&ecirc; B&aacute; Mai thu&ecirc; trong lần ra t&ograve;a n&agrave;y). Kh&ocirc;ng l&acirc;u sau đ&oacute;, tổ c&ocirc;ng t&aacute;c thuộc VKSND Tối cao cũng đ&atilde; xuống hiện trường vụ &aacute;n để thực nghiệm, kiểm tra v&agrave; thu thập chứng cứ.</p>\r\n<p>\r\n	Theo bản &aacute;n sơ thẩm, Mai l&agrave;m thu&ecirc; cho trang trại của &ocirc;ng Dương B&aacute; Tu&acirc;n (x&atilde; An Khương, huyện Hớn Quản, tỉnh B&igrave;nh Phước). S&aacute;ng 11/12/2004, trong l&uacute;c đi rải ph&acirc;n cho c&acirc;y trồng, Mai ph&aacute;t hiện b&eacute; &Uacute;t (11 tuổi) v&agrave; Hằng (13 tuổi) đi m&oacute;t củ sắn liền nảy sinh t&agrave; &yacute;. Mai lấy xe m&aacute;y chở &Uacute;t đến khu vườn m&iacute;t gần đ&oacute; để giở tr&ograve; đồi bại sau đ&oacute; d&ugrave;ng quần của nạn nh&acirc;n để siết cổ c&ocirc; b&eacute; đến chết. G&acirc;y &aacute;n xong, Mai v&ugrave;i x&aacute;c nạn nh&acirc;n gần c&acirc;y m&iacute;t rồi quay về ch&ograve;i tắm rửa v&agrave; ăn cơm. Biết &Uacute;t l&ecirc;n xe đi c&ugrave;ng Mai, Hằng đuổi theo nhưng kh&ocirc;ng kịp n&ecirc;n quay về b&aacute;o cho người th&acirc;n.</p>\r\n<p>\r\n	Năm 2005, TAND tỉnh B&igrave;nh Phước đ&atilde; x&eacute;t xử sơ thẩm v&agrave; tuy&ecirc;n phạt Mai mức &aacute;n tử h&igrave;nh cho cả hai tội Hiếp d&acirc;m trẻ em v&agrave; Giết người. T&ograve;a ph&uacute;c thẩm TAND Tối cao tại TP HCM sau đ&oacute; giữ nguy&ecirc;n bản &aacute;n n&agrave;y. Mai k&ecirc;u oan v&agrave; cho rằng bị cơ quan điều tra &eacute;p cung n&ecirc;n mới nhận tội.</p>\r\n<p>\r\n	Ng&agrave;y 12/12/2006, Viện trưởng VKSND Tối cao ra kh&aacute;ng nghị gi&aacute;m đốc thẩm, đ&aacute;nh gi&aacute; cấp sơ thẩm v&agrave; ph&uacute;c thẩm kết tội Mai l&agrave; &quot;chưa c&oacute; căn cứ vững chắc&quot;, y&ecirc;u cầu l&agrave;m r&otilde; một số vấn đề. Sau đ&oacute;, Hội đồng Thẩm ph&aacute;n TAND Tối cao ra quyết định gi&aacute;m đốc thẩm, hủy cả hai bản &aacute;n để điều tra lại v&igrave; &quot;c&oacute; vi phạm nghi&ecirc;m trọng về tố tụng v&agrave; c&oacute; nhiều vấn đề m&acirc;u thuẫn cần được l&agrave;m r&otilde;&quot;.</p>\r\n<p>\r\n	Th&aacute;ng 5/2011, TAND tỉnh B&igrave;nh Phước đưa vụ &aacute;n ra xử sơ thẩm lần hai. Cho rằng kh&ocirc;ng đủ chứng cứ buộc tội, HĐXX tuy&ecirc;n bị c&aacute;o &quot;kh&ocirc;ng phạm tội&quot;, trả tự do cho Mai ngay tại t&ograve;a. Kh&ocirc;ng đồng &yacute; với quyết định n&agrave;y, VKSND tỉnh B&igrave;nh Phước đ&atilde; kh&aacute;ng nghị, y&ecirc;u cầu T&ograve;a Ph&uacute;c thẩm TAND Tối cao tại TP HCM x&eacute;t xử lại theo hướng buộc tội đối với bị c&aacute;o. Theo cơ quan c&ocirc;ng tố, những chứng cứ thu thập được c&oacute; đủ cơ sở kết luận Mai phạm tội Hiếp d&acirc;m trẻ em v&agrave; Giết người. Vụ &aacute;n mặc d&ugrave; c&oacute; một số sai s&oacute;t về tố tụng nhưng kh&ocirc;ng ảnh hưởng nghi&ecirc;m trọng tới qu&aacute; tr&igrave;nh giải quyết.</p>\r\n<p>\r\n	Sau một năm được trả tự do, ng&agrave;y 18/5/2012, Mai bị c&ocirc;ng an bắt giam lại với l&yacute; do &quot;để đảm bảo cho việc x&eacute;t xử ph&uacute;c thẩm v&agrave; thi h&agrave;nh &aacute;n&quot;. Trong phi&ecirc;n ph&uacute;c thẩm lần hai mở v&agrave;o th&aacute;ng 6/2012, TAND Tối cao tại TP HCM cho rằng qu&aacute; tr&igrave;nh điều tra c&oacute; thiếu s&oacute;t nhưng kh&ocirc;ng l&agrave;m thay đổi bản chất vụ &aacute;n, &quot;t&ograve;a sơ thẩm tuy&ecirc;n bị c&aacute;o Mai kh&ocirc;ng phạm tội l&agrave; bỏ lọt tội phạm&quot;. V&igrave; vậy, T&ograve;a ph&uacute;c thẩm tuy&ecirc;n hủy &aacute;n để điều tra v&agrave; x&eacute;t xử lại từ đầu.</p>\r\n<p>\r\n	Hồi đầu năm, TAND tỉnh B&igrave;nh Phước xử sơ thẩm lần 3 tuy&ecirc;n phạt Mai t&ugrave; chung th&acirc;n sau 2 lần được tuy&ecirc;n tử h&igrave;nh, một lần trắng &aacute;n. Ngay sau đ&oacute;, VKSND c&ugrave;ng cấp lại kh&aacute;ng nghị y&ecirc;u cầu T&ograve;a Ph&uacute;c thẩm TAND tối cao tại TP HCM xử bị c&aacute;o &aacute;n tử h&igrave;nh, c&ograve;n Mai tiếp tục k&ecirc;u oan.</p>\r\n', 3, 2013, 1),
(4, 'Người ''trắng án'' sau 2 lần bị tuyên tử hình lại ra tòa', NULL, 0x4ce1baa1692062e1bb8b2072612074c3b261, '<h2 class="Lead">\r\n	Vẫn mặc chiếc &aacute;o thun trắng của những lần ra to&agrave; trước, s&aacute;ng nay, L&ecirc; B&aacute; Mai tỏ ra b&igrave;nh thản khi được đưa đến ph&ograve;ng xử. Gần 10 năm sau khi vụ &aacute;n xảy ra v&agrave; cũng từng ấy lần hầu to&agrave;, số phận ph&aacute;p l&yacute; của bị c&aacute;o vẫn chưa được định đoạt.</h2>\r\n<div class="reference_news">\r\n	<a class="Lead" href="http://vnexpress.net/tin-tuc/phap-luat/hoan-xu-phuc-tham-nguoi-hai-lan-bi-tuyen-an-tu-hi-nh-2744629.html">Ho&atilde;n xử ph&uacute;c thẩm người hai lần bị tuy&ecirc;n &aacute;n tử hình</a><br />\r\n	<a class="Lead" href="http://vnexpress.net/tin-tuc/phap-luat/nguoi-trang-an-bi-tuyen-tu-chung-than-2409671.html">Người &#39;trắng &aacute;n&#39; bị tuy&ecirc;n t&ugrave; chung th&acirc;n</a></div>\r\n<p class="Normal">\r\n	Ng&agrave;y 30/8, T&ograve;a Ph&uacute;c thẩm TAND Tối cao tại TP HCM đưa ra x&eacute;t xử ph&uacute;c thẩm lần 3 đối với bị c&aacute;o L&ecirc; B&aacute; Mai (31 tuổi, ngụ tại B&igrave;nh Phước) về c&aacute;c tội Giết người v&agrave; Hiếp d&acirc;m trẻ em. Trong lần xử gần đ&acirc;y, Mai bị tuy&ecirc;n &aacute;n chung th&acirc;n cho cả 2 tội nhưng lại bị VKS kh&aacute;ng nghị theo hướng tăng h&igrave;nh phạt l&ecirc;n tử h&igrave;nh.</p>\r\n<p>\r\n	Từ s&aacute;ng sớm, bố mẹ bị c&aacute;o đ&atilde; c&oacute; mặt với nhiều lo lắng. C&ograve;n bố mẹ nạn nh&acirc;n, vợ chồng &ocirc;ng Điểu Cẩn - vẫn d&aacute;ng vẻ khắc khổ, lầm lũi bước v&agrave;o ph&ograve;ng xử. Một số nh&acirc;n chứng được triệu tập cũng đến trễ n&ecirc;n phi&ecirc;n t&ograve;a diễn ra muộn hơn thường lệ.</p>\r\n<p>\r\n	B&agrave; Nguyễn Thị Ho&agrave;i Thu - nguy&ecirc;n Ủy vi&ecirc;n ban chấp h&agrave;nh Trung ương Đảng, nguy&ecirc;n Chủ nhiệm Ủy ban C&aacute;c vấn đề x&atilde; hội của Quốc hội cũng c&oacute; mặt từ sớm để dự phi&ecirc;n xử.</p>\r\n<table align="center" border="0" cellpadding="3" cellspacing="0" class="tplCaption" width="1">\r\n	<tbody>\r\n		<tr>\r\n			<td>\r\n				<img alt="le-ba-mai-2-1377828972.jpg" src="http://m.f29.img.vnecdn.net/2013/08/30/le-ba-mai-2-1377828972.jpg" width="400" /></td>\r\n		</tr>\r\n		<tr>\r\n			<td class="Image">\r\n				Vẫn trong chiếc &aacute;o thun trắng cổ xanh như những lần ra to&agrave; trước, Mai tỏ ra b&igrave;nh tĩnh d&ugrave; đang bị VKS đề nghị tăng &aacute;n l&ecirc;n tử h&igrave;nh. Ảnh: <em>Hải Duy&ecirc;n.</em></td>\r\n		</tr>\r\n	</tbody>\r\n</table>\r\n<p>\r\n	T&iacute;nh từ thời điểm xảy ra cho đến nay, vụ &aacute;n đ&atilde; k&eacute;o d&agrave;i gần 10 năm với tổng cộng 3 phi&ecirc;n xử sơ thẩm, 3 phi&ecirc;n ph&uacute;c thẩm v&agrave; nhiều lần kh&aacute;ng nghị, gi&aacute;m đốc thẩm, hủy &aacute;n trả hồ sơ điều tra lại.&nbsp;</p>\r\n<p>\r\n	Cho rằng vụ &aacute;n c&oacute; nhiều vi phạm tố tụng, k&eacute;o d&agrave;i qu&aacute; l&acirc;u g&acirc;y l&atilde;ng ph&iacute; tiền cho x&atilde; hội, hồi giữa th&aacute;ng 5, b&agrave; Thu đ&atilde; c&oacute; buổi đi thực nghiệm hiện trường nơi xảy ra vụ &aacute;n c&ugrave;ng với luật sư Huỳnh Thế T&acirc;n (luật sư mới được gia đ&igrave;nh L&ecirc; B&aacute; Mai thu&ecirc; trong lần ra t&ograve;a n&agrave;y). Kh&ocirc;ng l&acirc;u sau đ&oacute;, tổ c&ocirc;ng t&aacute;c thuộc VKSND Tối cao cũng đ&atilde; xuống hiện trường vụ &aacute;n để thực nghiệm, kiểm tra v&agrave; thu thập chứng cứ.</p>\r\n<p>\r\n	Theo bản &aacute;n sơ thẩm, Mai l&agrave;m thu&ecirc; cho trang trại của &ocirc;ng Dương B&aacute; Tu&acirc;n (x&atilde; An Khương, huyện Hớn Quản, tỉnh B&igrave;nh Phước). S&aacute;ng 11/12/2004, trong l&uacute;c đi rải ph&acirc;n cho c&acirc;y trồng, Mai ph&aacute;t hiện b&eacute; &Uacute;t (11 tuổi) v&agrave; Hằng (13 tuổi) đi m&oacute;t củ sắn liền nảy sinh t&agrave; &yacute;. Mai lấy xe m&aacute;y chở &Uacute;t đến khu vườn m&iacute;t gần đ&oacute; để giở tr&ograve; đồi bại sau đ&oacute; d&ugrave;ng quần của nạn nh&acirc;n để siết cổ c&ocirc; b&eacute; đến chết. G&acirc;y &aacute;n xong, Mai v&ugrave;i x&aacute;c nạn nh&acirc;n gần c&acirc;y m&iacute;t rồi quay về ch&ograve;i tắm rửa v&agrave; ăn cơm. Biết &Uacute;t l&ecirc;n xe đi c&ugrave;ng Mai, Hằng đuổi theo nhưng kh&ocirc;ng kịp n&ecirc;n quay về b&aacute;o cho người th&acirc;n.</p>\r\n<p>\r\n	Năm 2005, TAND tỉnh B&igrave;nh Phước đ&atilde; x&eacute;t xử sơ thẩm v&agrave; tuy&ecirc;n phạt Mai mức &aacute;n tử h&igrave;nh cho cả hai tội Hiếp d&acirc;m trẻ em v&agrave; Giết người. T&ograve;a ph&uacute;c thẩm TAND Tối cao tại TP HCM sau đ&oacute; giữ nguy&ecirc;n bản &aacute;n n&agrave;y. Mai k&ecirc;u oan v&agrave; cho rằng bị cơ quan điều tra &eacute;p cung n&ecirc;n mới nhận tội.</p>\r\n<p>\r\n	Ng&agrave;y 12/12/2006, Viện trưởng VKSND Tối cao ra kh&aacute;ng nghị gi&aacute;m đốc thẩm, đ&aacute;nh gi&aacute; cấp sơ thẩm v&agrave; ph&uacute;c thẩm kết tội Mai l&agrave; &quot;chưa c&oacute; căn cứ vững chắc&quot;, y&ecirc;u cầu l&agrave;m r&otilde; một số vấn đề. Sau đ&oacute;, Hội đồng Thẩm ph&aacute;n TAND Tối cao ra quyết định gi&aacute;m đốc thẩm, hủy cả hai bản &aacute;n để điều tra lại v&igrave; &quot;c&oacute; vi phạm nghi&ecirc;m trọng về tố tụng v&agrave; c&oacute; nhiều vấn đề m&acirc;u thuẫn cần được l&agrave;m r&otilde;&quot;.</p>\r\n<p>\r\n	Th&aacute;ng 5/2011, TAND tỉnh B&igrave;nh Phước đưa vụ &aacute;n ra xử sơ thẩm lần hai. Cho rằng kh&ocirc;ng đủ chứng cứ buộc tội, HĐXX tuy&ecirc;n bị c&aacute;o &quot;kh&ocirc;ng phạm tội&quot;, trả tự do cho Mai ngay tại t&ograve;a. Kh&ocirc;ng đồng &yacute; với quyết định n&agrave;y, VKSND tỉnh B&igrave;nh Phước đ&atilde; kh&aacute;ng nghị, y&ecirc;u cầu T&ograve;a Ph&uacute;c thẩm TAND Tối cao tại TP HCM x&eacute;t xử lại theo hướng buộc tội đối với bị c&aacute;o. Theo cơ quan c&ocirc;ng tố, những chứng cứ thu thập được c&oacute; đủ cơ sở kết luận Mai phạm tội Hiếp d&acirc;m trẻ em v&agrave; Giết người. Vụ &aacute;n mặc d&ugrave; c&oacute; một số sai s&oacute;t về tố tụng nhưng kh&ocirc;ng ảnh hưởng nghi&ecirc;m trọng tới qu&aacute; tr&igrave;nh giải quyết.</p>\r\n<p>\r\n	Sau một năm được trả tự do, ng&agrave;y 18/5/2012, Mai bị c&ocirc;ng an bắt giam lại với l&yacute; do &quot;để đảm bảo cho việc x&eacute;t xử ph&uacute;c thẩm v&agrave; thi h&agrave;nh &aacute;n&quot;. Trong phi&ecirc;n ph&uacute;c thẩm lần hai mở v&agrave;o th&aacute;ng 6/2012, TAND Tối cao tại TP HCM cho rằng qu&aacute; tr&igrave;nh điều tra c&oacute; thiếu s&oacute;t nhưng kh&ocirc;ng l&agrave;m thay đổi bản chất vụ &aacute;n, &quot;t&ograve;a sơ thẩm tuy&ecirc;n bị c&aacute;o Mai kh&ocirc;ng phạm tội l&agrave; bỏ lọt tội phạm&quot;. V&igrave; vậy, T&ograve;a ph&uacute;c thẩm tuy&ecirc;n hủy &aacute;n để điều tra v&agrave; x&eacute;t xử lại từ đầu.</p>\r\n<p>\r\n	Hồi đầu năm, TAND tỉnh B&igrave;nh Phước xử sơ thẩm lần 3 tuy&ecirc;n phạt Mai t&ugrave; chung th&acirc;n sau 2 lần được tuy&ecirc;n tử h&igrave;nh, một lần trắng &aacute;n. Ngay sau đ&oacute;, VKSND c&ugrave;ng cấp lại kh&aacute;ng nghị y&ecirc;u cầu T&ograve;a Ph&uacute;c thẩm TAND tối cao tại TP HCM xử bị c&aacute;o &aacute;n tử h&igrave;nh, c&ograve;n Mai tiếp tục k&ecirc;u oan.</p>\r\n', 3, 2013, 1);

-- --------------------------------------------------------

--
-- Table structure for table `ktv_shop`
--

CREATE TABLE IF NOT EXISTS `ktv_shop` (
  `id` int(11) NOT NULL AUTO_INCREMENT,
  `name` varchar(255) DEFAULT NULL,
  `fk_category` int(11) DEFAULT NULL,
  `feed` varchar(255) DEFAULT NULL,
  `size` varchar(50) DEFAULT NULL,
  `price` varchar(20) DEFAULT NULL,
  `description` longtext,
  `img_1` varchar(255) DEFAULT NULL,
  `img_2` varchar(255) DEFAULT NULL,
  `img_3` varchar(255) DEFAULT NULL,
  `status` int(1) DEFAULT '1',
  `sort` int(11) DEFAULT '0',
  `showproduct` int(1) DEFAULT '0',
  PRIMARY KEY (`id`)
) ENGINE=InnoDB  DEFAULT CHARSET=utf8 AUTO_INCREMENT=13 ;

--
-- Dumping data for table `ktv_shop`
--

INSERT INTO `ktv_shop` (`id`, `name`, `fk_category`, `feed`, `size`, `price`, `description`, `img_1`, `img_2`, `img_3`, `status`, `sort`, `showproduct`) VALUES
(1, 'Kệ đứng tivi', 8, 'gỗ tự nhiên', '34x30', '30000 VNĐ', '<p>\r\n	Chưa biết n&oacute; l&agrave; dfsdfsd fskfsdfs dfsdfsdfs dfsdf sdf&nbsp; Chưa biết n&oacute; l&agrave; dfsdfsd fskfsdfs dfsdfsdfs dfsdf sdf&nbsp; Chưa biết n&oacute; l&agrave; dfsdfsd fskfsdfs dfsdfsdfs dfsdf sdf&nbsp; Chưa biết n&oacute; l&agrave; dfsdfsd fskfsdfs dfsdfsdfs dfsdf sdf&nbsp;&nbsp; Chưa biết n&oacute; l&agrave; dfsdfsd fskfsdfs dfsdfsdfs dfsdf sdf&nbsp; Chưa biết n&oacute; l&agrave; dfsdfsd fskfsdfs dfsdfsdfs dfsdf sdf&nbsp;&nbsp; Chưa biết n&oacute; l&agrave; dfsdfsd fskfsdfs dfsdfsdfs dfsdf sdf&nbsp; Chưa biết n&oacute; l&agrave; dfsdfsd fskfsdfs dfsdfsdfs dfsdf sdf&nbsp;&nbsp; Chưa biết n&oacute; l&agrave; dfsdfsd fskfsdfs dfsdfsdfs dfsdf sdf&nbsp; Chưa biết n&oacute; l&agrave; dfsdfsd fskfsdfs dfsdfsdfs dfsdf sdf&nbsp;&nbsp; Chưa biết n&oacute; l&agrave; dfsdfsd fskfsdfs dfsdfsdfs dfsdf sdf&nbsp; Chưa biết n&oacute; l&agrave; dfsdfsd fskfsdfs dfsdfsdfs dfsdf sdf&nbsp; Chưa biết n&oacute; l&agrave; dfsdfsd fskfsdfs dfsdfsdfs dfsdf sdf&nbsp;</p>\r\n', '14/12/65071214.jpg', 'bd/96/a45096bd.jpg', '3d/cc/8da6cc3d.jpg', 0, 2, 0),
(2, 'Cùi mía tivi nè', 8, 'fsdfdf', 'sdfsdf', 'dsfsdfsf', '<p>\r\n	dfs fsdfsd fsdfsd fdsfsd fsdfs fsdf</p>\r\n', '57/bf/cdbfbf57.jpg', '99/76/bc357699.jpg', 'c4/bf/795fbfc4.', 0, 1, 0),
(3, 'ghế điện', 8, 'điện', '454x22', '2000000 VNĐ', '<p>\r\n	&nbsp;fdgdfg dfgdfgd gdfg dfgdf</p>\r\n', 'f2/76/4b3a76f2.jpg', NULL, '73/db/abe5db73.jpg', 0, 10, 1),
(4, 'ghế điện Tesstdfs fsd', 1, 'điện', '454x22 CM', '2000000 VNĐ', '<p>\r\n	&nbsp;fdgdfg dfgdfgd gdfg dfgdf</p>\r\n', '5e/1b/87811b5e.jpg', '50/6d/28796d50.jpg', NULL, 0, 10, 0),
(5, 'AC003', 7, 'Vải cao cấp', '82cm * 96cm * 101cm', '5,000,000', '<p>\r\n	Ghế Armchair vải cao cấp</p>\r\n<p>\r\n	<span style="font-size:9px;">Source: Ikea</span></p>\r\n', 'd4/38/ae6238d4.jpg', '36/86/95738636.jpg', '39/be/6056be39.jpg', 0, 0, 1),
(6, 'S001', 7, 'Da bò tự nhiên', '260cm*160cm*80cm', '32,000,000', '<p>\r\n	Sofa g&oacute;c da b&ograve; tự nhi&ecirc;n nhập khẩu Th&aacute;i Lan</p>\r\n<p>\r\n	Source: Ikea</p>\r\n', 'ce/ca/7a58cace.jpg', NULL, NULL, 1, 0, 1),
(7, 'Mezoo Sofa', 7, 'vải cao cấp', '2400 * 1400 * 900', '13.50.000 VND', '', 'cc/4b/300d4bcc.jpeg', NULL, NULL, 1, 4, 0),
(8, 'ACOO3', 7, 'vải cao cấp', '', '5.000.000 VND', '', '48/01/9b410148.jpg', '04/0d/cb4b0d04.jpg', '68/f3/5e85f368.jpg', 1, 4, 1),
(9, 'Sofa góc S003', 7, 'Khung gỗ dầu, mút D40, Vải cao cấp Indo', '140cm*200cm*80cm', '12.000.000', '', '26/a4/edf7a426.jpg', NULL, NULL, 1, 0, 1),
(10, 'S005', 7, 'Vải cao cấp, Khung gỗ căm xe, Mút D40', '220 cm* 85cm', '9,000,000', '', '1a/c8/2698c81a.jpg', '1c/a6/5ca2a61c.jpg', NULL, 1, 0, 1),
(11, 'Bed 001', 16, 'Gỗ Melamine An Cường', '160cm*200cm ', '5,500,000', '<p>\r\n	Gỗ Melamine cao cấp An Cường, C&oacute; ngăn k&eacute;o dưới.</p>\r\n', '15/e6/52a4e615.jpg', '65/dc/3ae8dc65.jpg', NULL, 1, 0, 1),
(12, 'Bed 002', 16, 'Gỗ Melamine An Cường', '160cm*200cm', '4,500,000', '', 'b8/25/968625b8.jpg', 'a7/10/836a10a7.jpg', '1e/44/b9bc441e.jpg', 1, 0, 1);

-- --------------------------------------------------------

--
-- Table structure for table `ktv_user`
--

CREATE TABLE IF NOT EXISTS `ktv_user` (
  `id` int(11) NOT NULL AUTO_INCREMENT,
  `username` varchar(50) DEFAULT NULL,
  `password` varchar(50) DEFAULT NULL,
  `full_name` varchar(255) DEFAULT NULL,
  `last_login` datetime DEFAULT NULL,
  PRIMARY KEY (`id`)
) ENGINE=InnoDB  DEFAULT CHARSET=utf8 AUTO_INCREMENT=2 ;

--
-- Dumping data for table `ktv_user`
--

INSERT INTO `ktv_user` (`id`, `username`, `password`, `full_name`, `last_login`) VALUES
(1, 'admin', 'e10adc3949ba59abbe56e057f20f883e', 'Admin', NULL);

/*!40101 SET CHARACTER_SET_CLIENT=@OLD_CHARACTER_SET_CLIENT */;
/*!40101 SET CHARACTER_SET_RESULTS=@OLD_CHARACTER_SET_RESULTS */;
/*!40101 SET COLLATION_CONNECTION=@OLD_COLLATION_CONNECTION */;
